cement,slag,flyash,water,superplasticizer,coarseaggregate,fineaggregate,age,w/c,age_c,age_f,age_class_1,age_class_2,age_class_3,csMPa
540.0,0.0,0.0,162.0,2.5,1040.0,676.0,28,0.3,class_2,2,0,1,0,79.99
540.0,0.0,0.0,162.0,2.5,1055.0,676.0,28,0.3,class_2,2,0,1,0,61.89
332.5,142.5,0.0,228.0,0.0,932.0,594.0,270,0.6857142857142857,class_3,3,0,0,1,40.27
332.5,142.5,0.0,228.0,0.0,932.0,594.0,365,0.6857142857142857,class_3,3,0,0,1,41.05
198.6,132.4,0.0,192.0,0.0,978.4,825.5,360,0.9667673716012085,class_3,3,0,0,1,44.3
266.0,114.0,0.0,228.0,0.0,932.0,670.0,90,0.8571428571428571,class_3,3,0,0,1,47.03
380.0,95.0,0.0,228.0,0.0,932.0,594.0,365,0.6,class_3,3,0,0,1,43.7
380.0,95.0,0.0,228.0,0.0,932.0,594.0,28,0.6,class_2,2,0,1,0,36.45
266.0,114.0,0.0,228.0,0.0,932.0,670.0,28,0.8571428571428571,class_2,2,0,1,0,45.85
475.0,0.0,0.0,228.0,0.0,932.0,594.0,28,0.48,class_2,2,0,1,0,39.29
198.6,132.4,0.0,192.0,0.0,978.4,825.5,90,0.9667673716012085,class_3,3,0,0,1,38.07
198.6,132.4,0.0,192.0,0.0,978.4,825.5,28,0.9667673716012085,class_2,2,0,1,0,28.02
427.5,47.5,0.0,228.0,0.0,932.0,594.0,270,0.5333333333333333,class_3,3,0,0,1,43.01
190.0,190.0,0.0,228.0,0.0,932.0,670.0,90,1.2,class_3,3,0,0,1,42.33
304.0,76.0,0.0,228.0,0.0,932.0,670.0,28,0.75,class_2,2,0,1,0,47.81
380.0,0.0,0.0,228.0,0.0,932.0,670.0,90,0.6,class_3,3,0,0,1,52.91
139.6,209.4,0.0,192.0,0.0,1047.0,806.9,90,1.3753581661891119,class_3,3,0,0,1,39.36
342.0,38.0,0.0,228.0,0.0,932.0,670.0,365,0.6666666666666666,class_3,3,0,0,1,56.14
380.0,95.0,0.0,228.0,0.0,932.0,594.0,90,0.6,class_3,3,0,0,1,40.56
475.0,0.0,0.0,228.0,0.0,932.0,594.0,180,0.48,class_3,3,0,0,1,42.62
427.5,47.5,0.0,228.0,0.0,932.0,594.0,180,0.5333333333333333,class_3,3,0,0,1,41.84
139.6,209.4,0.0,192.0,0.0,1047.0,806.9,28,1.3753581661891119,class_2,2,0,1,0,28.24
139.6,209.4,0.0,192.0,0.0,1047.0,806.9,3,1.3753581661891119,class_1,1,1,0,0,8.06
139.6,209.4,0.0,192.0,0.0,1047.0,806.9,180,1.3753581661891119,class_3,3,0,0,1,44.21
380.0,0.0,0.0,228.0,0.0,932.0,670.0,365,0.6,class_3,3,0,0,1,52.52
380.0,0.0,0.0,228.0,0.0,932.0,670.0,270,0.6,class_3,3,0,0,1,53.3
380.0,95.0,0.0,228.0,0.0,932.0,594.0,270,0.6,class_3,3,0,0,1,41.15
342.0,38.0,0.0,228.0,0.0,932.0,670.0,180,0.6666666666666666,class_3,3,0,0,1,52.12
427.5,47.5,0.0,228.0,0.0,932.0,594.0,28,0.5333333333333333,class_2,2,0,1,0,37.43
475.0,0.0,0.0,228.0,0.0,932.0,594.0,7,0.48,class_1,1,1,0,0,38.6
304.0,76.0,0.0,228.0,0.0,932.0,670.0,365,0.75,class_3,3,0,0,1,55.26
266.0,114.0,0.0,228.0,0.0,932.0,670.0,365,0.8571428571428571,class_3,3,0,0,1,52.91
198.6,132.4,0.0,192.0,0.0,978.4,825.5,180,0.9667673716012085,class_3,3,0,0,1,41.72
475.0,0.0,0.0,228.0,0.0,932.0,594.0,270,0.48,class_3,3,0,0,1,42.13
190.0,190.0,0.0,228.0,0.0,932.0,670.0,365,1.2,class_3,3,0,0,1,53.69
237.5,237.5,0.0,228.0,0.0,932.0,594.0,270,0.96,class_3,3,0,0,1,38.41
237.5,237.5,0.0,228.0,0.0,932.0,594.0,28,0.96,class_2,2,0,1,0,30.08
332.5,142.5,0.0,228.0,0.0,932.0,594.0,90,0.6857142857142857,class_3,3,0,0,1,37.72
475.0,0.0,0.0,228.0,0.0,932.0,594.0,90,0.48,class_3,3,0,0,1,42.23
237.5,237.5,0.0,228.0,0.0,932.0,594.0,180,0.96,class_3,3,0,0,1,36.25
342.0,38.0,0.0,228.0,0.0,932.0,670.0,90,0.6666666666666666,class_3,3,0,0,1,50.46
427.5,47.5,0.0,228.0,0.0,932.0,594.0,365,0.5333333333333333,class_3,3,0,0,1,43.7
237.5,237.5,0.0,228.0,0.0,932.0,594.0,365,0.96,class_3,3,0,0,1,39.0
380.0,0.0,0.0,228.0,0.0,932.0,670.0,180,0.6,class_3,3,0,0,1,53.1
427.5,47.5,0.0,228.0,0.0,932.0,594.0,90,0.5333333333333333,class_3,3,0,0,1,41.54
427.5,47.5,0.0,228.0,0.0,932.0,594.0,7,0.5333333333333333,class_1,1,1,0,0,35.08
349.0,0.0,0.0,192.0,0.0,1047.0,806.9,3,0.5501432664756447,class_1,1,1,0,0,15.05
380.0,95.0,0.0,228.0,0.0,932.0,594.0,180,0.6,class_3,3,0,0,1,40.76
237.5,237.5,0.0,228.0,0.0,932.0,594.0,7,0.96,class_1,1,1,0,0,26.26
380.0,95.0,0.0,228.0,0.0,932.0,594.0,7,0.6,class_1,1,1,0,0,32.82
332.5,142.5,0.0,228.0,0.0,932.0,594.0,180,0.6857142857142857,class_3,3,0,0,1,39.78
190.0,190.0,0.0,228.0,0.0,932.0,670.0,180,1.2,class_3,3,0,0,1,46.93
237.5,237.5,0.0,228.0,0.0,932.0,594.0,90,0.96,class_3,3,0,0,1,33.12
304.0,76.0,0.0,228.0,0.0,932.0,670.0,90,0.75,class_3,3,0,0,1,49.19
139.6,209.4,0.0,192.0,0.0,1047.0,806.9,7,1.3753581661891119,class_1,1,1,0,0,14.59
198.6,132.4,0.0,192.0,0.0,978.4,825.5,7,0.9667673716012085,class_1,1,1,0,0,14.64
475.0,0.0,0.0,228.0,0.0,932.0,594.0,365,0.48,class_3,3,0,0,1,41.93
198.6,132.4,0.0,192.0,0.0,978.4,825.5,3,0.9667673716012085,class_1,1,1,0,0,9.13
304.0,76.0,0.0,228.0,0.0,932.0,670.0,180,0.75,class_3,3,0,0,1,50.95
332.5,142.5,0.0,228.0,0.0,932.0,594.0,28,0.6857142857142857,class_2,2,0,1,0,33.02
304.0,76.0,0.0,228.0,0.0,932.0,670.0,270,0.75,class_3,3,0,0,1,54.38
266.0,114.0,0.0,228.0,0.0,932.0,670.0,270,0.8571428571428571,class_3,3,0,0,1,51.73
310.0,0.0,0.0,192.0,0.0,971.0,850.6,3,0.6193548387096774,class_1,1,1,0,0,9.87
190.0,190.0,0.0,228.0,0.0,932.0,670.0,270,1.2,class_3,3,0,0,1,50.66
266.0,114.0,0.0,228.0,0.0,932.0,670.0,180,0.8571428571428571,class_3,3,0,0,1,48.7
342.0,38.0,0.0,228.0,0.0,932.0,670.0,270,0.6666666666666666,class_3,3,0,0,1,55.06
139.6,209.4,0.0,192.0,0.0,1047.0,806.9,360,1.3753581661891119,class_3,3,0,0,1,44.7
332.5,142.5,0.0,228.0,0.0,932.0,594.0,7,0.6857142857142857,class_1,1,1,0,0,30.28
190.0,190.0,0.0,228.0,0.0,932.0,670.0,28,1.2,class_2,2,0,1,0,40.86
485.0,0.0,0.0,146.0,0.0,1120.0,800.0,28,0.30103092783505153,class_2,2,0,1,0,71.99
374.0,189.2,0.0,170.1,10.1,926.1,756.7,3,0.4548128342245989,class_1,1,1,0,0,34.4
313.3,262.2,0.0,175.5,8.6,1046.9,611.8,3,0.5601659751037344,class_1,1,1,0,0,28.8
425.0,106.3,0.0,153.5,16.5,852.1,887.1,3,0.3611764705882353,class_1,1,1,0,0,33.4
425.0,106.3,0.0,151.4,18.6,936.0,803.7,3,0.3562352941176471,class_1,1,1,0,0,36.3
375.0,93.8,0.0,126.6,23.4,852.1,992.6,3,0.3376,class_1,1,1,0,0,29.0
475.0,118.8,0.0,181.1,8.9,852.1,781.5,3,0.3812631578947368,class_1,1,1,0,0,37.8
469.0,117.2,0.0,137.8,32.2,852.1,840.5,3,0.293816631130064,class_1,1,1,0,0,40.2
425.0,106.3,0.0,153.5,16.5,852.1,887.1,3,0.3611764705882353,class_1,1,1,0,0,33.4
388.6,97.1,0.0,157.9,12.1,852.1,925.7,3,0.40633041688111166,class_1,1,1,0,0,28.1
531.3,0.0,0.0,141.8,28.2,852.1,893.7,3,0.26689252776209305,class_1,1,1,0,0,41.3
425.0,106.3,0.0,153.5,16.5,852.1,887.1,3,0.3611764705882353,class_1,1,1,0,0,33.4
318.8,212.5,0.0,155.7,14.3,852.1,880.4,3,0.4883939774153073,class_1,1,1,0,0,25.2
401.8,94.7,0.0,147.4,11.4,946.8,852.1,3,0.3668491786958686,class_1,1,1,0,0,41.1
362.6,189.0,0.0,164.9,11.6,944.7,755.8,3,0.4547710976282405,class_1,1,1,0,0,35.3
323.7,282.8,0.0,183.8,10.3,942.7,659.9,3,0.5678097003398209,class_1,1,1,0,0,28.3
379.5,151.2,0.0,153.9,15.9,1134.3,605.0,3,0.40553359683794465,class_1,1,1,0,0,28.6
362.6,189.0,0.0,164.9,11.6,944.7,755.8,3,0.4547710976282405,class_1,1,1,0,0,35.3
286.3,200.9,0.0,144.7,11.2,1004.6,803.7,3,0.505413901501921,class_1,1,1,0,0,24.4
362.6,189.0,0.0,164.9,11.6,944.7,755.8,3,0.4547710976282405,class_1,1,1,0,0,35.3
439.0,177.0,0.0,186.0,11.1,884.9,707.9,3,0.42369020501138954,class_1,1,1,0,0,39.3
389.9,189.0,0.0,145.9,22.0,944.7,755.8,3,0.37419851243908697,class_1,1,1,0,0,40.6
362.6,189.0,0.0,164.9,11.6,944.7,755.8,3,0.4547710976282405,class_1,1,1,0,0,35.3
337.9,189.0,0.0,174.9,9.5,944.7,755.8,3,0.5176087599881622,class_1,1,1,0,0,24.1
374.0,189.2,0.0,170.1,10.1,926.1,756.7,7,0.4548128342245989,class_1,1,1,0,0,46.2
313.3,262.2,0.0,175.5,8.6,1046.9,611.8,7,0.5601659751037344,class_1,1,1,0,0,42.8
425.0,106.3,0.0,153.5,16.5,852.1,887.1,7,0.3611764705882353,class_1,1,1,0,0,49.2
425.0,106.3,0.0,151.4,18.6,936.0,803.7,7,0.3562352941176471,class_1,1,1,0,0,46.8
375.0,93.8,0.0,126.6,23.4,852.1,992.6,7,0.3376,class_1,1,1,0,0,45.7
475.0,118.8,0.0,181.1,8.9,852.1,781.5,7,0.3812631578947368,class_1,1,1,0,0,55.6
469.0,117.2,0.0,137.8,32.2,852.1,840.5,7,0.293816631130064,class_1,1,1,0,0,54.9
425.0,106.3,0.0,153.5,16.5,852.1,887.1,7,0.3611764705882353,class_1,1,1,0,0,49.2
388.6,97.1,0.0,157.9,12.1,852.1,925.7,7,0.40633041688111166,class_1,1,1,0,0,34.9
531.3,0.0,0.0,141.8,28.2,852.1,893.7,7,0.26689252776209305,class_1,1,1,0,0,46.9
425.0,106.3,0.0,153.5,16.5,852.1,887.1,7,0.3611764705882353,class_1,1,1,0,0,49.2
318.8,212.5,0.0,155.7,14.3,852.1,880.4,7,0.4883939774153073,class_1,1,1,0,0,33.4
401.8,94.7,0.0,147.4,11.4,946.8,852.1,7,0.3668491786958686,class_1,1,1,0,0,54.1
362.6,189.0,0.0,164.9,11.6,944.7,755.8,7,0.4547710976282405,class_1,1,1,0,0,55.9
323.7,282.8,0.0,183.8,10.3,942.7,659.9,7,0.5678097003398209,class_1,1,1,0,0,49.8
379.5,151.2,0.0,153.9,15.9,1134.3,605.0,7,0.40553359683794465,class_1,1,1,0,0,47.1
362.6,189.0,0.0,164.9,11.6,944.7,755.8,7,0.4547710976282405,class_1,1,1,0,0,55.9
286.3,200.9,0.0,144.7,11.2,1004.6,803.7,7,0.505413901501921,class_1,1,1,0,0,38.0
362.6,189.0,0.0,164.9,11.6,944.7,755.8,7,0.4547710976282405,class_1,1,1,0,0,55.9
439.0,177.0,0.0,186.0,11.1,884.9,707.9,7,0.42369020501138954,class_1,1,1,0,0,56.1
389.9,189.0,0.0,145.9,22.0,944.7,755.8,7,0.37419851243908697,class_1,1,1,0,0,59.09
362.6,189.0,0.0,164.9,11.6,944.7,755.8,7,0.4547710976282405,class_1,1,1,0,0,22.9
337.9,189.0,0.0,174.9,9.5,944.7,755.8,7,0.5176087599881622,class_1,1,1,0,0,35.1
374.0,189.2,0.0,170.1,10.1,926.1,756.7,28,0.4548128342245989,class_2,2,0,1,0,61.09
313.3,262.2,0.0,175.5,8.6,1046.9,611.8,28,0.5601659751037344,class_2,2,0,1,0,59.8
425.0,106.3,0.0,153.5,16.5,852.1,887.1,28,0.3611764705882353,class_2,2,0,1,0,60.29
425.0,106.3,0.0,151.4,18.6,936.0,803.7,28,0.3562352941176471,class_2,2,0,1,0,61.8
375.0,93.8,0.0,126.6,23.4,852.1,992.6,28,0.3376,class_2,2,0,1,0,56.7
475.0,118.8,0.0,181.1,8.9,852.1,781.5,28,0.3812631578947368,class_2,2,0,1,0,68.3
469.0,117.2,0.0,137.8,32.2,852.1,840.5,28,0.293816631130064,class_2,2,0,1,0,66.9
425.0,106.3,0.0,153.5,16.5,852.1,887.1,28,0.3611764705882353,class_2,2,0,1,0,60.29
388.6,97.1,0.0,157.9,12.1,852.1,925.7,28,0.40633041688111166,class_2,2,0,1,0,50.7
531.3,0.0,0.0,141.8,28.2,852.1,893.7,28,0.26689252776209305,class_2,2,0,1,0,56.4
425.0,106.3,0.0,153.5,16.5,852.1,887.1,28,0.3611764705882353,class_2,2,0,1,0,60.29
318.8,212.5,0.0,155.7,14.3,852.1,880.4,28,0.4883939774153073,class_2,2,0,1,0,55.5
401.8,94.7,0.0,147.4,11.4,946.8,852.1,28,0.3668491786958686,class_2,2,0,1,0,68.5
362.6,189.0,0.0,164.9,11.6,944.7,755.8,28,0.4547710976282405,class_2,2,0,1,0,71.3
323.7,282.8,0.0,183.8,10.3,942.7,659.9,28,0.5678097003398209,class_2,2,0,1,0,74.7
379.5,151.2,0.0,153.9,15.9,1134.3,605.0,28,0.40553359683794465,class_2,2,0,1,0,52.2
362.6,189.0,0.0,164.9,11.6,944.7,755.8,28,0.4547710976282405,class_2,2,0,1,0,71.3
286.3,200.9,0.0,144.7,11.2,1004.6,803.7,28,0.505413901501921,class_2,2,0,1,0,67.7
362.6,189.0,0.0,164.9,11.6,944.7,755.8,28,0.4547710976282405,class_2,2,0,1,0,71.3
439.0,177.0,0.0,186.0,11.1,884.9,707.9,28,0.42369020501138954,class_2,2,0,1,0,66.0
389.9,189.0,0.0,145.9,22.0,944.7,755.8,28,0.37419851243908697,class_2,2,0,1,0,74.5
362.6,189.0,0.0,164.9,11.6,944.7,755.8,28,0.4547710976282405,class_2,2,0,1,0,71.3
337.9,189.0,0.0,174.9,9.5,944.7,755.8,28,0.5176087599881622,class_2,2,0,1,0,49.9
374.0,189.2,0.0,170.1,10.1,926.1,756.7,56,0.4548128342245989,class_3,3,0,0,1,63.4
313.3,262.2,0.0,175.5,8.6,1046.9,611.8,56,0.5601659751037344,class_3,3,0,0,1,64.9
425.0,106.3,0.0,153.5,16.5,852.1,887.1,56,0.3611764705882353,class_3,3,0,0,1,64.3
425.0,106.3,0.0,151.4,18.6,936.0,803.7,56,0.3562352941176471,class_3,3,0,0,1,64.9
375.0,93.8,0.0,126.6,23.4,852.1,992.6,56,0.3376,class_3,3,0,0,1,60.2
475.0,118.8,0.0,181.1,8.9,852.1,781.5,56,0.3812631578947368,class_3,3,0,0,1,72.3
469.0,117.2,0.0,137.8,32.2,852.1,840.5,56,0.293816631130064,class_3,3,0,0,1,69.3
425.0,106.3,0.0,153.5,16.5,852.1,887.1,56,0.3611764705882353,class_3,3,0,0,1,64.3
388.6,97.1,0.0,157.9,12.1,852.1,925.7,56,0.40633041688111166,class_3,3,0,0,1,55.2
531.3,0.0,0.0,141.8,28.2,852.1,893.7,56,0.26689252776209305,class_3,3,0,0,1,58.8
425.0,106.3,0.0,153.5,16.5,852.1,887.1,56,0.3611764705882353,class_3,3,0,0,1,64.3
318.8,212.5,0.0,155.7,14.3,852.1,880.4,56,0.4883939774153073,class_3,3,0,0,1,66.1
401.8,94.7,0.0,147.4,11.4,946.8,852.1,56,0.3668491786958686,class_3,3,0,0,1,73.7
362.6,189.0,0.0,164.9,11.6,944.7,755.8,56,0.4547710976282405,class_3,3,0,0,1,77.3
323.7,282.8,0.0,183.8,10.3,942.7,659.9,56,0.5678097003398209,class_3,3,0,0,1,80.2
379.5,151.2,0.0,153.9,15.9,1134.3,605.0,56,0.40553359683794465,class_3,3,0,0,1,54.9
362.6,189.0,0.0,164.9,11.6,944.7,755.8,56,0.4547710976282405,class_3,3,0,0,1,77.3
286.3,200.9,0.0,144.7,11.2,1004.6,803.7,56,0.505413901501921,class_3,3,0,0,1,72.99
362.6,189.0,0.0,164.9,11.6,944.7,755.8,56,0.4547710976282405,class_3,3,0,0,1,77.3
439.0,177.0,0.0,186.0,11.1,884.9,707.9,56,0.42369020501138954,class_3,3,0,0,1,71.7
389.9,189.0,0.0,145.9,22.0,944.7,755.8,56,0.37419851243908697,class_3,3,0,0,1,79.4
362.6,189.0,0.0,164.9,11.6,944.7,755.8,56,0.4547710976282405,class_3,3,0,0,1,77.3
337.9,189.0,0.0,174.9,9.5,944.7,755.8,56,0.5176087599881622,class_3,3,0,0,1,59.89
374.0,189.2,0.0,170.1,10.1,926.1,756.7,91,0.4548128342245989,class_3,3,0,0,1,64.9
313.3,262.2,0.0,175.5,8.6,1046.9,611.8,91,0.5601659751037344,class_3,3,0,0,1,66.6
425.0,106.3,0.0,153.5,16.5,852.1,887.1,91,0.3611764705882353,class_3,3,0,0,1,65.2
425.0,106.3,0.0,151.4,18.6,936.0,803.7,91,0.3562352941176471,class_3,3,0,0,1,66.7
375.0,93.8,0.0,126.6,23.4,852.1,992.6,91,0.3376,class_3,3,0,0,1,62.5
475.0,118.8,0.0,181.1,8.9,852.1,781.5,91,0.3812631578947368,class_3,3,0,0,1,74.19
469.0,117.2,0.0,137.8,32.2,852.1,840.5,91,0.293816631130064,class_3,3,0,0,1,70.7
425.0,106.3,0.0,153.5,16.5,852.1,887.1,91,0.3611764705882353,class_3,3,0,0,1,65.2
388.6,97.1,0.0,157.9,12.1,852.1,925.7,91,0.40633041688111166,class_3,3,0,0,1,57.6
531.3,0.0,0.0,141.8,28.2,852.1,893.7,91,0.26689252776209305,class_3,3,0,0,1,59.2
425.0,106.3,0.0,153.5,16.5,852.1,887.1,91,0.3611764705882353,class_3,3,0,0,1,65.2
318.8,212.5,0.0,155.7,14.3,852.1,880.4,91,0.4883939774153073,class_3,3,0,0,1,68.1
401.8,94.7,0.0,147.4,11.4,946.8,852.1,91,0.3668491786958686,class_3,3,0,0,1,75.5
362.6,189.0,0.0,164.9,11.6,944.7,755.8,91,0.4547710976282405,class_3,3,0,0,1,79.3
379.5,151.2,0.0,153.9,15.9,1134.3,605.0,91,0.40553359683794465,class_3,3,0,0,1,56.5
362.6,189.0,0.0,164.9,11.6,944.7,755.8,91,0.4547710976282405,class_3,3,0,0,1,79.3
286.3,200.9,0.0,144.7,11.2,1004.6,803.7,91,0.505413901501921,class_3,3,0,0,1,76.8
362.6,189.0,0.0,164.9,11.6,944.7,755.8,91,0.4547710976282405,class_3,3,0,0,1,79.3
439.0,177.0,0.0,186.0,11.1,884.9,707.9,91,0.42369020501138954,class_3,3,0,0,1,73.3
389.9,189.0,0.0,145.9,22.0,944.7,755.8,91,0.37419851243908697,class_3,3,0,0,1,82.6
362.6,189.0,0.0,164.9,11.6,944.7,755.8,91,0.4547710976282405,class_3,3,0,0,1,79.3
337.9,189.0,0.0,174.9,9.5,944.7,755.8,91,0.5176087599881622,class_3,3,0,0,1,67.8
222.4,0.0,96.7,189.3,4.5,967.1,870.3,3,0.8511690647482014,class_1,1,1,0,0,11.58
222.4,0.0,96.7,189.3,4.5,967.1,870.3,14,0.8511690647482014,class_1,1,1,0,0,24.45
222.4,0.0,96.7,189.3,4.5,967.1,870.3,28,0.8511690647482014,class_2,2,0,1,0,24.89
222.4,0.0,96.7,189.3,4.5,967.1,870.3,56,0.8511690647482014,class_3,3,0,0,1,29.45
222.4,0.0,96.7,189.3,4.5,967.1,870.3,100,0.8511690647482014,class_3,3,0,0,1,40.71
233.8,0.0,94.6,197.9,4.6,947.0,852.2,3,0.8464499572284003,class_1,1,1,0,0,10.38
233.8,0.0,94.6,197.9,4.6,947.0,852.2,14,0.8464499572284003,class_1,1,1,0,0,22.14
233.8,0.0,94.6,197.9,4.6,947.0,852.2,28,0.8464499572284003,class_2,2,0,1,0,22.84
233.8,0.0,94.6,197.9,4.6,947.0,852.2,56,0.8464499572284003,class_3,3,0,0,1,27.66
233.8,0.0,94.6,197.9,4.6,947.0,852.2,100,0.8464499572284003,class_3,3,0,0,1,34.56
194.7,0.0,100.5,165.6,7.5,1006.4,905.9,3,0.8505392912172574,class_1,1,1,0,0,12.45
194.7,0.0,100.5,165.6,7.5,1006.4,905.9,14,0.8505392912172574,class_1,1,1,0,0,24.99
194.7,0.0,100.5,165.6,7.5,1006.4,905.9,28,0.8505392912172574,class_2,2,0,1,0,25.72
194.7,0.0,100.5,165.6,7.5,1006.4,905.9,56,0.8505392912172574,class_3,3,0,0,1,33.96
194.7,0.0,100.5,165.6,7.5,1006.4,905.9,100,0.8505392912172574,class_3,3,0,0,1,37.34
190.7,0.0,125.4,162.1,7.8,1090.0,804.0,3,0.8500262191924489,class_1,1,1,0,0,15.04
190.7,0.0,125.4,162.1,7.8,1090.0,804.0,14,0.8500262191924489,class_1,1,1,0,0,21.06
190.7,0.0,125.4,162.1,7.8,1090.0,804.0,28,0.8500262191924489,class_2,2,0,1,0,26.4
190.7,0.0,125.4,162.1,7.8,1090.0,804.0,56,0.8500262191924489,class_3,3,0,0,1,35.34
190.7,0.0,125.4,162.1,7.8,1090.0,804.0,100,0.8500262191924489,class_3,3,0,0,1,40.57
212.1,0.0,121.6,180.3,5.7,1057.6,779.3,3,0.8500707213578501,class_1,1,1,0,0,12.47
212.1,0.0,121.6,180.3,5.7,1057.6,779.3,14,0.8500707213578501,class_1,1,1,0,0,20.92
212.1,0.0,121.6,180.3,5.7,1057.6,779.3,28,0.8500707213578501,class_2,2,0,1,0,24.9
212.1,0.0,121.6,180.3,5.7,1057.6,779.3,56,0.8500707213578501,class_3,3,0,0,1,34.2
212.1,0.0,121.6,180.3,5.7,1057.6,779.3,100,0.8500707213578501,class_3,3,0,0,1,39.61
230.0,0.0,118.3,195.5,4.6,1029.4,758.6,3,0.85,class_1,1,1,0,0,10.03
230.0,0.0,118.3,195.5,4.6,1029.4,758.6,14,0.85,class_1,1,1,0,0,20.08
230.0,0.0,118.3,195.5,4.6,1029.4,758.6,28,0.85,class_2,2,0,1,0,24.48
230.0,0.0,118.3,195.5,4.6,1029.4,758.6,56,0.85,class_3,3,0,0,1,31.54
230.0,0.0,118.3,195.5,4.6,1029.4,758.6,100,0.85,class_3,3,0,0,1,35.34
190.3,0.0,125.2,161.9,9.9,1088.1,802.6,3,0.8507619548081976,class_1,1,1,0,0,9.45
190.3,0.0,125.2,161.9,9.9,1088.1,802.6,14,0.8507619548081976,class_1,1,1,0,0,22.72
190.3,0.0,125.2,161.9,9.9,1088.1,802.6,28,0.8507619548081976,class_2,2,0,1,0,28.47
190.3,0.0,125.2,161.9,9.9,1088.1,802.6,56,0.8507619548081976,class_3,3,0,0,1,38.56
190.3,0.0,125.2,161.9,9.9,1088.1,802.6,100,0.8507619548081976,class_3,3,0,0,1,40.39
166.1,0.0,163.3,176.5,4.5,1058.6,780.1,3,1.062612883804937,class_1,1,1,0,0,10.76
166.1,0.0,163.3,176.5,4.5,1058.6,780.1,14,1.062612883804937,class_1,1,1,0,0,25.48
166.1,0.0,163.3,176.5,4.5,1058.6,780.1,28,1.062612883804937,class_2,2,0,1,0,21.54
166.1,0.0,163.3,176.5,4.5,1058.6,780.1,56,1.062612883804937,class_3,3,0,0,1,28.63
166.1,0.0,163.3,176.5,4.5,1058.6,780.1,100,1.062612883804937,class_3,3,0,0,1,33.54
168.0,42.1,163.8,121.8,5.7,1058.7,780.1,3,0.725,class_1,1,1,0,0,7.75
168.0,42.1,163.8,121.8,5.7,1058.7,780.1,14,0.725,class_1,1,1,0,0,17.82
168.0,42.1,163.8,121.8,5.7,1058.7,780.1,28,0.725,class_2,2,0,1,0,24.24
168.0,42.1,163.8,121.8,5.7,1058.7,780.1,56,0.725,class_3,3,0,0,1,32.85
168.0,42.1,163.8,121.8,5.7,1058.7,780.1,100,0.725,class_3,3,0,0,1,39.23
213.7,98.1,24.5,181.7,6.9,1065.8,785.4,3,0.8502573701450632,class_1,1,1,0,0,18.0
213.7,98.1,24.5,181.7,6.9,1065.8,785.4,14,0.8502573701450632,class_1,1,1,0,0,30.39
213.7,98.1,24.5,181.7,6.9,1065.8,785.4,28,0.8502573701450632,class_2,2,0,1,0,45.71
213.7,98.1,24.5,181.7,6.9,1065.8,785.4,56,0.8502573701450632,class_3,3,0,0,1,50.77
213.7,98.1,24.5,181.7,6.9,1065.8,785.4,100,0.8502573701450632,class_3,3,0,0,1,53.9
213.8,98.1,24.5,181.7,6.7,1066.0,785.5,3,0.8498596819457436,class_1,1,1,0,0,13.18
213.8,98.1,24.5,181.7,6.7,1066.0,785.5,14,0.8498596819457436,class_1,1,1,0,0,17.84
213.8,98.1,24.5,181.7,6.7,1066.0,785.5,28,0.8498596819457436,class_2,2,0,1,0,40.23
213.8,98.1,24.5,181.7,6.7,1066.0,785.5,56,0.8498596819457436,class_3,3,0,0,1,47.13
213.8,98.1,24.5,181.7,6.7,1066.0,785.5,100,0.8498596819457436,class_3,3,0,0,1,49.97
229.7,0.0,118.2,195.2,6.1,1028.1,757.6,3,0.8498040922942969,class_1,1,1,0,0,13.36
229.7,0.0,118.2,195.2,6.1,1028.1,757.6,14,0.8498040922942969,class_1,1,1,0,0,22.32
229.7,0.0,118.2,195.2,6.1,1028.1,757.6,28,0.8498040922942969,class_2,2,0,1,0,24.54
229.7,0.0,118.2,195.2,6.1,1028.1,757.6,56,0.8498040922942969,class_3,3,0,0,1,31.35
229.7,0.0,118.2,195.2,6.1,1028.1,757.6,100,0.8498040922942969,class_3,3,0,0,1,40.86
238.1,0.0,94.1,186.7,7.0,949.9,847.0,3,0.7841243175136497,class_1,1,1,0,0,19.93
238.1,0.0,94.1,186.7,7.0,949.9,847.0,14,0.7841243175136497,class_1,1,1,0,0,25.69
238.1,0.0,94.1,186.7,7.0,949.9,847.0,28,0.7841243175136497,class_2,2,0,1,0,30.23
238.1,0.0,94.1,186.7,7.0,949.9,847.0,56,0.7841243175136497,class_3,3,0,0,1,39.59
238.1,0.0,94.1,186.7,7.0,949.9,847.0,100,0.7841243175136497,class_3,3,0,0,1,44.3
250.0,0.0,95.7,187.4,5.5,956.9,861.2,3,0.7496,class_1,1,1,0,0,13.82
250.0,0.0,95.7,187.4,5.5,956.9,861.2,14,0.7496,class_1,1,1,0,0,24.92
250.0,0.0,95.7,187.4,5.5,956.9,861.2,28,0.7496,class_2,2,0,1,0,29.22
250.0,0.0,95.7,187.4,5.5,956.9,861.2,56,0.7496,class_3,3,0,0,1,38.33
250.0,0.0,95.7,187.4,5.5,956.9,861.2,100,0.7496,class_3,3,0,0,1,42.35
212.5,0.0,100.4,159.3,8.7,1007.8,903.6,3,0.7496470588235294,class_1,1,1,0,0,13.54
212.5,0.0,100.4,159.3,8.7,1007.8,903.6,14,0.7496470588235294,class_1,1,1,0,0,26.31
212.5,0.0,100.4,159.3,8.7,1007.8,903.6,28,0.7496470588235294,class_2,2,0,1,0,31.64
212.5,0.0,100.4,159.3,8.7,1007.8,903.6,56,0.7496470588235294,class_3,3,0,0,1,42.55
212.5,0.0,100.4,159.3,8.7,1007.8,903.6,100,0.7496470588235294,class_3,3,0,0,1,42.92
212.6,0.0,100.4,159.4,10.4,1003.8,903.8,3,0.7497648165569144,class_1,1,1,0,0,13.33
212.6,0.0,100.4,159.4,10.4,1003.8,903.8,14,0.7497648165569144,class_1,1,1,0,0,25.37
212.6,0.0,100.4,159.4,10.4,1003.8,903.8,28,0.7497648165569144,class_2,2,0,1,0,37.4
212.6,0.0,100.4,159.4,10.4,1003.8,903.8,56,0.7497648165569144,class_3,3,0,0,1,44.4
212.6,0.0,100.4,159.4,10.4,1003.8,903.8,100,0.7497648165569144,class_3,3,0,0,1,47.74
212.0,0.0,124.8,159.0,7.8,1085.4,799.5,3,0.75,class_1,1,1,0,0,19.52
212.0,0.0,124.8,159.0,7.8,1085.4,799.5,14,0.75,class_1,1,1,0,0,31.35
212.0,0.0,124.8,159.0,7.8,1085.4,799.5,28,0.75,class_2,2,0,1,0,38.5
212.0,0.0,124.8,159.0,7.8,1085.4,799.5,56,0.75,class_3,3,0,0,1,45.08
212.0,0.0,124.8,159.0,7.8,1085.4,799.5,100,0.75,class_3,3,0,0,1,47.82
231.8,0.0,121.6,174.0,6.7,1056.4,778.5,3,0.7506471095772217,class_1,1,1,0,0,15.44
231.8,0.0,121.6,174.0,6.7,1056.4,778.5,14,0.7506471095772217,class_1,1,1,0,0,26.77
231.8,0.0,121.6,174.0,6.7,1056.4,778.5,28,0.7506471095772217,class_2,2,0,1,0,33.73
231.8,0.0,121.6,174.0,6.7,1056.4,778.5,56,0.7506471095772217,class_3,3,0,0,1,42.7
231.8,0.0,121.6,174.0,6.7,1056.4,778.5,100,0.7506471095772217,class_3,3,0,0,1,45.84
251.4,0.0,118.3,188.5,5.8,1028.4,757.7,3,0.7498011137629276,class_1,1,1,0,0,17.22
251.4,0.0,118.3,188.5,5.8,1028.4,757.7,14,0.7498011137629276,class_1,1,1,0,0,29.93
251.4,0.0,118.3,188.5,5.8,1028.4,757.7,28,0.7498011137629276,class_2,2,0,1,0,29.65
251.4,0.0,118.3,188.5,5.8,1028.4,757.7,56,0.7498011137629276,class_3,3,0,0,1,36.97
251.4,0.0,118.3,188.5,5.8,1028.4,757.7,100,0.7498011137629276,class_3,3,0,0,1,43.58
251.4,0.0,118.3,188.5,6.4,1028.4,757.7,3,0.7498011137629276,class_1,1,1,0,0,13.12
251.4,0.0,118.3,188.5,6.4,1028.4,757.7,14,0.7498011137629276,class_1,1,1,0,0,24.43
251.4,0.0,118.3,188.5,6.4,1028.4,757.7,28,0.7498011137629276,class_2,2,0,1,0,32.66
251.4,0.0,118.3,188.5,6.4,1028.4,757.7,56,0.7498011137629276,class_3,3,0,0,1,36.64
251.4,0.0,118.3,188.5,6.4,1028.4,757.7,100,0.7498011137629276,class_3,3,0,0,1,44.21
181.4,0.0,167.0,169.6,7.6,1055.6,777.8,3,0.9349503858875413,class_1,1,1,0,0,13.62
181.4,0.0,167.0,169.6,7.6,1055.6,777.8,14,0.9349503858875413,class_1,1,1,0,0,21.6
181.4,0.0,167.0,169.6,7.6,1055.6,777.8,28,0.9349503858875413,class_2,2,0,1,0,27.77
181.4,0.0,167.0,169.6,7.6,1055.6,777.8,56,0.9349503858875413,class_3,3,0,0,1,35.57
181.4,0.0,167.0,169.6,7.6,1055.6,777.8,100,0.9349503858875413,class_3,3,0,0,1,45.37
182.0,45.2,122.0,170.2,8.2,1059.4,780.7,3,0.9351648351648351,class_1,1,1,0,0,7.32
182.0,45.2,122.0,170.2,8.2,1059.4,780.7,14,0.9351648351648351,class_1,1,1,0,0,21.5
182.0,45.2,122.0,170.2,8.2,1059.4,780.7,28,0.9351648351648351,class_2,2,0,1,0,31.27
182.0,45.2,122.0,170.2,8.2,1059.4,780.7,56,0.9351648351648351,class_3,3,0,0,1,43.5
182.0,45.2,122.0,170.2,8.2,1059.4,780.7,100,0.9351648351648351,class_3,3,0,0,1,48.67
168.9,42.2,124.3,158.3,10.8,1080.8,796.2,3,0.9372409709887508,class_1,1,1,0,0,7.4
168.9,42.2,124.3,158.3,10.8,1080.8,796.2,14,0.9372409709887508,class_1,1,1,0,0,23.51
168.9,42.2,124.3,158.3,10.8,1080.8,796.2,28,0.9372409709887508,class_2,2,0,1,0,31.12
168.9,42.2,124.3,158.3,10.8,1080.8,796.2,56,0.9372409709887508,class_3,3,0,0,1,39.15
168.9,42.2,124.3,158.3,10.8,1080.8,796.2,100,0.9372409709887508,class_3,3,0,0,1,48.15
290.4,0.0,96.2,168.1,9.4,961.2,865.0,3,0.5788567493112948,class_1,1,1,0,0,22.5
290.4,0.0,96.2,168.1,9.4,961.2,865.0,14,0.5788567493112948,class_1,1,1,0,0,34.67
290.4,0.0,96.2,168.1,9.4,961.2,865.0,28,0.5788567493112948,class_2,2,0,1,0,34.74
290.4,0.0,96.2,168.1,9.4,961.2,865.0,56,0.5788567493112948,class_3,3,0,0,1,45.08
290.4,0.0,96.2,168.1,9.4,961.2,865.0,100,0.5788567493112948,class_3,3,0,0,1,48.97
277.1,0.0,97.4,160.6,11.8,973.9,875.6,3,0.5795741609527246,class_1,1,1,0,0,23.14
277.1,0.0,97.4,160.6,11.8,973.9,875.6,14,0.5795741609527246,class_1,1,1,0,0,41.89
277.1,0.0,97.4,160.6,11.8,973.9,875.6,28,0.5795741609527246,class_2,2,0,1,0,48.28
277.1,0.0,97.4,160.6,11.8,973.9,875.6,56,0.5795741609527246,class_3,3,0,0,1,51.04
277.1,0.0,97.4,160.6,11.8,973.9,875.6,100,0.5795741609527246,class_3,3,0,0,1,55.64
295.7,0.0,95.6,171.5,8.9,955.1,859.2,3,0.579979709164694,class_1,1,1,0,0,22.95
295.7,0.0,95.6,171.5,8.9,955.1,859.2,14,0.579979709164694,class_1,1,1,0,0,35.23
295.7,0.0,95.6,171.5,8.9,955.1,859.2,28,0.579979709164694,class_2,2,0,1,0,39.94
295.7,0.0,95.6,171.5,8.9,955.1,859.2,56,0.579979709164694,class_3,3,0,0,1,48.72
295.7,0.0,95.6,171.5,8.9,955.1,859.2,100,0.579979709164694,class_3,3,0,0,1,52.04
251.8,0.0,99.9,146.1,12.4,1006.0,899.8,3,0.58022239872915,class_1,1,1,0,0,21.02
251.8,0.0,99.9,146.1,12.4,1006.0,899.8,14,0.58022239872915,class_1,1,1,0,0,33.36
251.8,0.0,99.9,146.1,12.4,1006.0,899.8,28,0.58022239872915,class_2,2,0,1,0,33.94
251.8,0.0,99.9,146.1,12.4,1006.0,899.8,56,0.58022239872915,class_3,3,0,0,1,44.14
251.8,0.0,99.9,146.1,12.4,1006.0,899.8,100,0.58022239872915,class_3,3,0,0,1,45.37
249.1,0.0,98.8,158.1,12.8,987.8,889.0,3,0.6346848655158571,class_1,1,1,0,0,15.36
249.1,0.0,98.8,158.1,12.8,987.8,889.0,14,0.6346848655158571,class_1,1,1,0,0,28.68
249.1,0.0,98.8,158.1,12.8,987.8,889.0,28,0.6346848655158571,class_2,2,0,1,0,30.85
249.1,0.0,98.8,158.1,12.8,987.8,889.0,56,0.6346848655158571,class_3,3,0,0,1,42.03
249.1,0.0,98.8,158.1,12.8,987.8,889.0,100,0.6346848655158571,class_3,3,0,0,1,51.06
252.3,0.0,98.8,146.3,14.2,987.8,889.0,3,0.5798652397938961,class_1,1,1,0,0,21.78
252.3,0.0,98.8,146.3,14.2,987.8,889.0,14,0.5798652397938961,class_1,1,1,0,0,42.29
252.3,0.0,98.8,146.3,14.2,987.8,889.0,28,0.5798652397938961,class_2,2,0,1,0,50.6
252.3,0.0,98.8,146.3,14.2,987.8,889.0,56,0.5798652397938961,class_3,3,0,0,1,55.83
252.3,0.0,98.8,146.3,14.2,987.8,889.0,100,0.5798652397938961,class_3,3,0,0,1,60.95
246.8,0.0,125.1,143.3,12.0,1086.8,800.9,3,0.5806320907617504,class_1,1,1,0,0,23.52
246.8,0.0,125.1,143.3,12.0,1086.8,800.9,14,0.5806320907617504,class_1,1,1,0,0,42.22
246.8,0.0,125.1,143.3,12.0,1086.8,800.9,28,0.5806320907617504,class_2,2,0,1,0,52.5
246.8,0.0,125.1,143.3,12.0,1086.8,800.9,56,0.5806320907617504,class_3,3,0,0,1,60.32
246.8,0.0,125.1,143.3,12.0,1086.8,800.9,100,0.5806320907617504,class_3,3,0,0,1,66.42
275.1,0.0,121.4,159.5,9.9,1053.6,777.5,3,0.5797891675754271,class_1,1,1,0,0,23.8
275.1,0.0,121.4,159.5,9.9,1053.6,777.5,14,0.5797891675754271,class_1,1,1,0,0,38.77
275.1,0.0,121.4,159.5,9.9,1053.6,777.5,28,0.5797891675754271,class_2,2,0,1,0,51.33
275.1,0.0,121.4,159.5,9.9,1053.6,777.5,56,0.5797891675754271,class_3,3,0,0,1,56.85
275.1,0.0,121.4,159.5,9.9,1053.6,777.5,100,0.5797891675754271,class_3,3,0,0,1,58.61
297.2,0.0,117.5,174.8,9.5,1022.8,753.5,3,0.588156123822342,class_1,1,1,0,0,21.91
297.2,0.0,117.5,174.8,9.5,1022.8,753.5,14,0.588156123822342,class_1,1,1,0,0,36.99
297.2,0.0,117.5,174.8,9.5,1022.8,753.5,28,0.588156123822342,class_2,2,0,1,0,47.4
297.2,0.0,117.5,174.8,9.5,1022.8,753.5,56,0.588156123822342,class_3,3,0,0,1,51.96
297.2,0.0,117.5,174.8,9.5,1022.8,753.5,100,0.588156123822342,class_3,3,0,0,1,56.74
213.7,0.0,174.7,154.8,10.2,1053.5,776.4,3,0.724379971923257,class_1,1,1,0,0,17.57
213.7,0.0,174.7,154.8,10.2,1053.5,776.4,14,0.724379971923257,class_1,1,1,0,0,33.73
213.7,0.0,174.7,154.8,10.2,1053.5,776.4,28,0.724379971923257,class_2,2,0,1,0,40.15
213.7,0.0,174.7,154.8,10.2,1053.5,776.4,56,0.724379971923257,class_3,3,0,0,1,46.64
213.7,0.0,174.7,154.8,10.2,1053.5,776.4,100,0.724379971923257,class_3,3,0,0,1,50.08
213.5,0.0,174.2,154.6,11.7,1052.3,775.5,3,0.7241217798594848,class_1,1,1,0,0,17.37
213.5,0.0,174.2,154.6,11.7,1052.3,775.5,14,0.7241217798594848,class_1,1,1,0,0,33.7
213.5,0.0,174.2,154.6,11.7,1052.3,775.5,28,0.7241217798594848,class_2,2,0,1,0,45.94
213.5,0.0,174.2,154.6,11.7,1052.3,775.5,56,0.7241217798594848,class_3,3,0,0,1,51.43
213.5,0.0,174.2,154.6,11.7,1052.3,775.5,100,0.7241217798594848,class_3,3,0,0,1,59.3
277.2,97.8,24.5,160.7,11.2,1061.7,782.5,3,0.5797258297258298,class_1,1,1,0,0,30.45
277.2,97.8,24.5,160.7,11.2,1061.7,782.5,14,0.5797258297258298,class_1,1,1,0,0,47.71
277.2,97.8,24.5,160.7,11.2,1061.7,782.5,28,0.5797258297258298,class_2,2,0,1,0,63.14
277.2,97.8,24.5,160.7,11.2,1061.7,782.5,56,0.5797258297258298,class_3,3,0,0,1,66.82
277.2,97.8,24.5,160.7,11.2,1061.7,782.5,100,0.5797258297258298,class_3,3,0,0,1,66.95
218.2,54.6,123.8,140.8,11.9,1075.7,792.7,3,0.6452795600366636,class_1,1,1,0,0,27.42
218.2,54.6,123.8,140.8,11.9,1075.7,792.7,14,0.6452795600366636,class_1,1,1,0,0,35.96
218.2,54.6,123.8,140.8,11.9,1075.7,792.7,28,0.6452795600366636,class_2,2,0,1,0,55.51
218.2,54.6,123.8,140.8,11.9,1075.7,792.7,56,0.6452795600366636,class_3,3,0,0,1,61.99
218.2,54.6,123.8,140.8,11.9,1075.7,792.7,100,0.6452795600366636,class_3,3,0,0,1,63.53
214.9,53.8,121.9,155.6,9.6,1014.3,780.6,3,0.7240577012563982,class_1,1,1,0,0,18.02
214.9,53.8,121.9,155.6,9.6,1014.3,780.6,14,0.7240577012563982,class_1,1,1,0,0,38.6
214.9,53.8,121.9,155.6,9.6,1014.3,780.6,28,0.7240577012563982,class_2,2,0,1,0,52.2
214.9,53.8,121.9,155.6,9.6,1014.3,780.6,56,0.7240577012563982,class_3,3,0,0,1,53.96
214.9,53.8,121.9,155.6,9.6,1014.3,780.6,100,0.7240577012563982,class_3,3,0,0,1,56.63
218.9,0.0,124.1,158.5,11.3,1078.7,794.9,3,0.7240749200548195,class_1,1,1,0,0,15.34
218.9,0.0,124.1,158.5,11.3,1078.7,794.9,14,0.7240749200548195,class_1,1,1,0,0,26.05
218.9,0.0,124.1,158.5,11.3,1078.7,794.9,28,0.7240749200548195,class_2,2,0,1,0,30.22
218.9,0.0,124.1,158.5,11.3,1078.7,794.9,56,0.7240749200548195,class_3,3,0,0,1,37.27
218.9,0.0,124.1,158.5,11.3,1078.7,794.9,100,0.7240749200548195,class_3,3,0,0,1,46.23
376.0,0.0,0.0,214.6,0.0,1003.5,762.4,3,0.5707446808510638,class_1,1,1,0,0,16.28
376.0,0.0,0.0,214.6,0.0,1003.5,762.4,14,0.5707446808510638,class_1,1,1,0,0,25.62
376.0,0.0,0.0,214.6,0.0,1003.5,762.4,28,0.5707446808510638,class_2,2,0,1,0,31.97
376.0,0.0,0.0,214.6,0.0,1003.5,762.4,56,0.5707446808510638,class_3,3,0,0,1,36.3
376.0,0.0,0.0,214.6,0.0,1003.5,762.4,100,0.5707446808510638,class_3,3,0,0,1,43.06
500.0,0.0,0.0,140.0,4.0,966.0,853.0,28,0.28,class_2,2,0,1,0,67.57
475.0,0.0,59.0,142.0,1.9,1098.0,641.0,28,0.29894736842105263,class_2,2,0,1,0,57.23
315.0,137.0,0.0,145.0,5.9,1130.0,745.0,28,0.4603174603174603,class_2,2,0,1,0,81.75
505.0,0.0,60.0,195.0,0.0,1030.0,630.0,28,0.38613861386138615,class_2,2,0,1,0,64.02
451.0,0.0,0.0,165.0,11.3,1030.0,745.0,28,0.36585365853658536,class_2,2,0,1,0,78.8
516.0,0.0,0.0,162.0,8.2,801.0,802.0,28,0.313953488372093,class_2,2,0,1,0,41.37
520.0,0.0,0.0,170.0,5.2,855.0,855.0,28,0.3269230769230769,class_2,2,0,1,0,60.28
528.0,0.0,0.0,185.0,6.9,920.0,720.0,28,0.3503787878787879,class_2,2,0,1,0,56.83
520.0,0.0,0.0,175.0,5.2,870.0,805.0,28,0.33653846153846156,class_2,2,0,1,0,51.02
385.0,0.0,136.0,158.0,20.0,903.0,768.0,28,0.4103896103896104,class_2,2,0,1,0,55.55
500.1,0.0,0.0,200.0,3.0,1124.4,613.2,28,0.3999200159968006,class_2,2,0,1,0,44.13
450.1,50.0,0.0,200.0,3.0,1124.4,613.2,28,0.44434570095534326,class_2,2,0,1,0,39.38
397.0,17.2,158.0,167.0,20.8,967.0,633.0,28,0.42065491183879095,class_2,2,0,1,0,55.65
333.0,17.5,163.0,167.0,17.9,996.0,652.0,28,0.5015015015015015,class_2,2,0,1,0,47.28
334.0,17.6,158.0,189.0,15.3,967.0,633.0,28,0.5658682634730539,class_2,2,0,1,0,44.33
405.0,0.0,0.0,175.0,0.0,1120.0,695.0,28,0.43209876543209874,class_2,2,0,1,0,52.3
200.0,200.0,0.0,190.0,0.0,1145.0,660.0,28,0.95,class_2,2,0,1,0,49.25
516.0,0.0,0.0,162.0,8.3,801.0,802.0,28,0.313953488372093,class_2,2,0,1,0,41.37
145.0,116.0,119.0,184.0,5.7,833.0,880.0,28,1.2689655172413794,class_2,2,0,1,0,29.16
160.0,128.0,122.0,182.0,6.4,824.0,879.0,28,1.1375,class_2,2,0,1,0,39.4
234.0,156.0,0.0,189.0,5.9,981.0,760.0,28,0.8076923076923077,class_2,2,0,1,0,39.3
250.0,180.0,95.0,159.0,9.5,860.0,800.0,28,0.636,class_2,2,0,1,0,67.87
475.0,0.0,0.0,162.0,9.5,1044.0,662.0,28,0.3410526315789474,class_2,2,0,1,0,58.52
285.0,190.0,0.0,163.0,7.6,1031.0,685.0,28,0.5719298245614035,class_2,2,0,1,0,53.58
356.0,119.0,0.0,160.0,9.0,1061.0,657.0,28,0.449438202247191,class_2,2,0,1,0,59.0
275.0,180.0,120.0,162.0,10.4,830.0,765.0,28,0.5890909090909091,class_2,2,0,1,0,76.24
500.0,0.0,0.0,151.0,9.0,1033.0,655.0,28,0.302,class_2,2,0,1,0,69.84
165.0,0.0,143.6,163.8,0.0,1005.6,900.9,3,0.9927272727272728,class_1,1,1,0,0,14.4
165.0,128.5,132.1,175.1,8.1,1005.8,746.6,3,1.0612121212121213,class_1,1,1,0,0,19.42
178.0,129.8,118.6,179.9,3.6,1007.3,746.8,3,1.0106741573033708,class_1,1,1,0,0,20.73
167.4,129.9,128.6,175.5,7.8,1006.3,746.6,3,1.0483870967741935,class_1,1,1,0,0,14.94
172.4,13.6,172.4,156.8,4.1,1006.3,856.4,3,0.9095127610208817,class_1,1,1,0,0,21.29
173.5,50.1,173.5,164.8,6.5,1006.2,793.5,3,0.94985590778098,class_1,1,1,0,0,23.08
167.0,75.4,167.0,164.0,7.9,1007.3,770.1,3,0.9820359281437125,class_1,1,1,0,0,15.52
173.8,93.4,159.9,172.3,9.7,1007.2,746.6,3,0.9913693901035673,class_1,1,1,0,0,15.82
190.3,0.0,125.2,166.6,9.9,1079.0,798.9,3,0.8754598003152916,class_1,1,1,0,0,12.55
250.0,0.0,95.7,191.8,5.3,948.9,857.2,3,0.7672,class_1,1,1,0,0,8.49
213.5,0.0,174.2,159.2,11.7,1043.6,771.9,3,0.7456674473067915,class_1,1,1,0,0,15.61
194.7,0.0,100.5,170.2,7.5,998.0,901.8,3,0.8741653826399589,class_1,1,1,0,0,12.18
251.4,0.0,118.3,192.9,5.8,1043.6,754.3,3,0.7673031026252983,class_1,1,1,0,0,11.98
165.0,0.0,143.6,163.8,0.0,1005.6,900.9,14,0.9927272727272728,class_1,1,1,0,0,16.88
165.0,128.5,132.1,175.1,8.1,1005.8,746.6,14,1.0612121212121213,class_1,1,1,0,0,33.09
178.0,129.8,118.6,179.9,3.6,1007.3,746.8,14,1.0106741573033708,class_1,1,1,0,0,34.24
167.4,129.9,128.6,175.5,7.8,1006.3,746.6,14,1.0483870967741935,class_1,1,1,0,0,31.81
172.4,13.6,172.4,156.8,4.1,1006.3,856.4,14,0.9095127610208817,class_1,1,1,0,0,29.75
173.5,50.1,173.5,164.8,6.5,1006.2,793.5,14,0.94985590778098,class_1,1,1,0,0,33.01
167.0,75.4,167.0,164.0,7.9,1007.3,770.1,14,0.9820359281437125,class_1,1,1,0,0,32.9
173.8,93.4,159.9,172.3,9.7,1007.2,746.6,14,0.9913693901035673,class_1,1,1,0,0,29.55
190.3,0.0,125.2,166.6,9.9,1079.0,798.9,14,0.8754598003152916,class_1,1,1,0,0,19.42
250.0,0.0,95.7,191.8,5.3,948.9,857.2,14,0.7672,class_1,1,1,0,0,24.66
213.5,0.0,174.2,159.2,11.7,1043.6,771.9,14,0.7456674473067915,class_1,1,1,0,0,29.59
194.7,0.0,100.5,170.2,7.5,998.0,901.8,14,0.8741653826399589,class_1,1,1,0,0,24.28
251.4,0.0,118.3,192.9,5.8,1043.6,754.3,14,0.7673031026252983,class_1,1,1,0,0,20.73
165.0,0.0,143.6,163.8,0.0,1005.6,900.9,28,0.9927272727272728,class_2,2,0,1,0,26.2
165.0,128.5,132.1,175.1,8.1,1005.8,746.6,28,1.0612121212121213,class_2,2,0,1,0,46.39
178.0,129.8,118.6,179.9,3.6,1007.3,746.8,28,1.0106741573033708,class_2,2,0,1,0,39.16
167.4,129.9,128.6,175.5,7.8,1006.3,746.6,28,1.0483870967741935,class_2,2,0,1,0,41.2
172.4,13.6,172.4,156.8,4.1,1006.3,856.4,28,0.9095127610208817,class_2,2,0,1,0,33.69
173.5,50.1,173.5,164.8,6.5,1006.2,793.5,28,0.94985590778098,class_2,2,0,1,0,38.2
167.0,75.4,167.0,164.0,7.9,1007.3,770.1,28,0.9820359281437125,class_2,2,0,1,0,41.41
173.8,93.4,159.9,172.3,9.7,1007.2,746.6,28,0.9913693901035673,class_2,2,0,1,0,37.81
190.3,0.0,125.2,166.6,9.9,1079.0,798.9,28,0.8754598003152916,class_2,2,0,1,0,24.85
250.0,0.0,95.7,191.8,5.3,948.9,857.2,28,0.7672,class_2,2,0,1,0,27.22
213.5,0.0,174.2,159.2,11.7,1043.6,771.9,28,0.7456674473067915,class_2,2,0,1,0,44.64
194.7,0.0,100.5,170.2,7.5,998.0,901.8,28,0.8741653826399589,class_2,2,0,1,0,37.27
251.4,0.0,118.3,192.9,5.8,1043.6,754.3,28,0.7673031026252983,class_2,2,0,1,0,33.27
165.0,0.0,143.6,163.8,0.0,1005.6,900.9,56,0.9927272727272728,class_3,3,0,0,1,36.56
165.0,128.5,132.1,175.1,8.1,1005.8,746.6,56,1.0612121212121213,class_3,3,0,0,1,53.72
178.0,129.8,118.6,179.9,3.6,1007.3,746.8,56,1.0106741573033708,class_3,3,0,0,1,48.59
167.4,129.9,128.6,175.5,7.8,1006.3,746.6,56,1.0483870967741935,class_3,3,0,0,1,51.72
172.4,13.6,172.4,156.8,4.1,1006.3,856.4,56,0.9095127610208817,class_3,3,0,0,1,35.85
173.5,50.1,173.5,164.8,6.5,1006.2,793.5,56,0.94985590778098,class_3,3,0,0,1,53.77
167.0,75.4,167.0,164.0,7.9,1007.3,770.1,56,0.9820359281437125,class_3,3,0,0,1,53.46
173.8,93.4,159.9,172.3,9.7,1007.2,746.6,56,0.9913693901035673,class_3,3,0,0,1,48.99
190.3,0.0,125.2,166.6,9.9,1079.0,798.9,56,0.8754598003152916,class_3,3,0,0,1,31.72
250.0,0.0,95.7,191.8,5.3,948.9,857.2,56,0.7672,class_3,3,0,0,1,39.64
213.5,0.0,174.2,159.2,11.7,1043.6,771.9,56,0.7456674473067915,class_3,3,0,0,1,51.26
194.7,0.0,100.5,170.2,7.5,998.0,901.8,56,0.8741653826399589,class_3,3,0,0,1,43.39
251.4,0.0,118.3,192.9,5.8,1043.6,754.3,56,0.7673031026252983,class_3,3,0,0,1,39.27
165.0,0.0,143.6,163.8,0.0,1005.6,900.9,100,0.9927272727272728,class_3,3,0,0,1,37.96
165.0,128.5,132.1,175.1,8.1,1005.8,746.6,100,1.0612121212121213,class_3,3,0,0,1,55.02
178.0,129.8,118.6,179.9,3.6,1007.3,746.8,100,1.0106741573033708,class_3,3,0,0,1,49.99
167.4,129.9,128.6,175.5,7.8,1006.3,746.6,100,1.0483870967741935,class_3,3,0,0,1,53.66
172.4,13.6,172.4,156.8,4.1,1006.3,856.4,100,0.9095127610208817,class_3,3,0,0,1,37.68
173.5,50.1,173.5,164.8,6.5,1006.2,793.5,100,0.94985590778098,class_3,3,0,0,1,56.06
167.0,75.4,167.0,164.0,7.9,1007.3,770.1,100,0.9820359281437125,class_3,3,0,0,1,56.81
173.8,93.4,159.9,172.3,9.7,1007.2,746.6,100,0.9913693901035673,class_3,3,0,0,1,50.94
190.3,0.0,125.2,166.6,9.9,1079.0,798.9,100,0.8754598003152916,class_3,3,0,0,1,33.56
250.0,0.0,95.7,191.8,5.3,948.9,857.2,100,0.7672,class_3,3,0,0,1,41.16
213.5,0.0,174.2,159.2,11.7,1043.6,771.9,100,0.7456674473067915,class_3,3,0,0,1,52.96
194.7,0.0,100.5,170.2,7.5,998.0,901.8,100,0.8741653826399589,class_3,3,0,0,1,44.28
251.4,0.0,118.3,192.9,5.8,1043.6,754.3,100,0.7673031026252983,class_3,3,0,0,1,40.15
446.0,24.0,79.0,162.0,11.6,967.0,712.0,28,0.3632286995515695,class_2,2,0,1,0,57.03
446.0,24.0,79.0,162.0,11.6,967.0,712.0,28,0.3632286995515695,class_2,2,0,1,0,44.42
446.0,24.0,79.0,162.0,11.6,967.0,712.0,28,0.3632286995515695,class_2,2,0,1,0,51.02
446.0,24.0,79.0,162.0,10.3,967.0,712.0,28,0.3632286995515695,class_2,2,0,1,0,53.39
446.0,24.0,79.0,162.0,11.6,967.0,712.0,3,0.3632286995515695,class_1,1,1,0,0,35.36
446.0,24.0,79.0,162.0,11.6,967.0,712.0,3,0.3632286995515695,class_1,1,1,0,0,25.02
446.0,24.0,79.0,162.0,11.6,967.0,712.0,3,0.3632286995515695,class_1,1,1,0,0,23.35
446.0,24.0,79.0,162.0,11.6,967.0,712.0,7,0.3632286995515695,class_1,1,1,0,0,52.01
446.0,24.0,79.0,162.0,11.6,967.0,712.0,7,0.3632286995515695,class_1,1,1,0,0,38.02
446.0,24.0,79.0,162.0,11.6,967.0,712.0,7,0.3632286995515695,class_1,1,1,0,0,39.3
446.0,24.0,79.0,162.0,11.6,967.0,712.0,56,0.3632286995515695,class_3,3,0,0,1,61.07
446.0,24.0,79.0,162.0,11.6,967.0,712.0,56,0.3632286995515695,class_3,3,0,0,1,56.14
446.0,24.0,79.0,162.0,11.6,967.0,712.0,56,0.3632286995515695,class_3,3,0,0,1,55.25
446.0,24.0,79.0,162.0,10.3,967.0,712.0,56,0.3632286995515695,class_3,3,0,0,1,54.77
387.0,20.0,94.0,157.0,14.3,938.0,845.0,28,0.40568475452196384,class_2,2,0,1,0,50.24
387.0,20.0,94.0,157.0,13.9,938.0,845.0,28,0.40568475452196384,class_2,2,0,1,0,46.68
387.0,20.0,94.0,157.0,11.6,938.0,845.0,28,0.40568475452196384,class_2,2,0,1,0,46.68
387.0,20.0,94.0,157.0,14.3,938.0,845.0,3,0.40568475452196384,class_1,1,1,0,0,22.75
387.0,20.0,94.0,157.0,13.9,938.0,845.0,3,0.40568475452196384,class_1,1,1,0,0,25.51
387.0,20.0,94.0,157.0,11.6,938.0,845.0,3,0.40568475452196384,class_1,1,1,0,0,34.77
387.0,20.0,94.0,157.0,14.3,938.0,845.0,7,0.40568475452196384,class_1,1,1,0,0,36.84
387.0,20.0,94.0,157.0,13.9,938.0,845.0,7,0.40568475452196384,class_1,1,1,0,0,45.9
387.0,20.0,94.0,157.0,11.6,938.0,845.0,7,0.40568475452196384,class_1,1,1,0,0,41.67
387.0,20.0,94.0,157.0,14.3,938.0,845.0,56,0.40568475452196384,class_3,3,0,0,1,56.34
387.0,20.0,94.0,157.0,13.9,938.0,845.0,56,0.40568475452196384,class_3,3,0,0,1,47.97
387.0,20.0,94.0,157.0,11.6,938.0,845.0,56,0.40568475452196384,class_3,3,0,0,1,61.46
355.0,19.0,97.0,145.0,13.1,967.0,871.0,28,0.4084507042253521,class_2,2,0,1,0,44.03
355.0,19.0,97.0,145.0,12.3,967.0,871.0,28,0.4084507042253521,class_2,2,0,1,0,55.45
491.0,26.0,123.0,210.0,3.9,882.0,699.0,28,0.42769857433808556,class_2,2,0,1,0,55.55
491.0,26.0,123.0,201.0,3.9,822.0,699.0,28,0.4093686354378819,class_2,2,0,1,0,57.92
491.0,26.0,123.0,210.0,3.9,882.0,699.0,3,0.42769857433808556,class_1,1,1,0,0,25.61
491.0,26.0,123.0,210.0,3.9,882.0,699.0,7,0.42769857433808556,class_1,1,1,0,0,33.49
491.0,26.0,123.0,210.0,3.9,882.0,699.0,56,0.42769857433808556,class_3,3,0,0,1,59.59
491.0,26.0,123.0,201.0,3.9,822.0,699.0,3,0.4093686354378819,class_1,1,1,0,0,29.55
491.0,26.0,123.0,201.0,3.9,822.0,699.0,7,0.4093686354378819,class_1,1,1,0,0,37.92
491.0,26.0,123.0,201.0,3.9,822.0,699.0,56,0.4093686354378819,class_3,3,0,0,1,61.86
424.0,22.0,132.0,178.0,8.5,822.0,750.0,28,0.419811320754717,class_2,2,0,1,0,62.05
424.0,22.0,132.0,178.0,8.5,882.0,750.0,3,0.419811320754717,class_1,1,1,0,0,32.01
424.0,22.0,132.0,168.0,8.9,822.0,750.0,28,0.39622641509433965,class_2,2,0,1,0,72.1
424.0,22.0,132.0,178.0,8.5,822.0,750.0,7,0.419811320754717,class_1,1,1,0,0,39.0
424.0,22.0,132.0,178.0,8.5,822.0,750.0,56,0.419811320754717,class_3,3,0,0,1,65.7
424.0,22.0,132.0,168.0,8.9,822.0,750.0,3,0.39622641509433965,class_1,1,1,0,0,32.11
424.0,22.0,132.0,168.0,8.9,822.0,750.0,7,0.39622641509433965,class_1,1,1,0,0,40.29
424.0,22.0,132.0,168.0,8.9,822.0,750.0,56,0.39622641509433965,class_3,3,0,0,1,74.36
202.0,11.0,141.0,206.0,1.7,942.0,801.0,28,1.0198019801980198,class_2,2,0,1,0,21.97
202.0,11.0,141.0,206.0,1.7,942.0,801.0,3,1.0198019801980198,class_1,1,1,0,0,9.85
202.0,11.0,141.0,206.0,1.7,942.0,801.0,7,1.0198019801980198,class_1,1,1,0,0,15.07
202.0,11.0,141.0,206.0,1.7,942.0,801.0,56,1.0198019801980198,class_3,3,0,0,1,23.25
284.0,15.0,141.0,179.0,5.5,842.0,801.0,28,0.6302816901408451,class_2,2,0,1,0,43.73
284.0,15.0,141.0,179.0,5.5,842.0,801.0,3,0.6302816901408451,class_1,1,1,0,0,13.4
284.0,15.0,141.0,179.0,5.5,842.0,801.0,7,0.6302816901408451,class_1,1,1,0,0,24.13
284.0,15.0,141.0,179.0,5.5,842.0,801.0,56,0.6302816901408451,class_3,3,0,0,1,44.52
359.0,19.0,141.0,154.0,10.9,942.0,801.0,28,0.42896935933147634,class_2,2,0,1,0,62.94
359.0,19.0,141.0,154.0,10.9,942.0,801.0,28,0.42896935933147634,class_2,2,0,1,0,59.49
359.0,19.0,141.0,154.0,10.9,942.0,801.0,3,0.42896935933147634,class_1,1,1,0,0,25.12
359.0,19.0,141.0,154.0,10.9,942.0,801.0,3,0.42896935933147634,class_1,1,1,0,0,23.64
359.0,19.0,141.0,154.0,10.9,942.0,801.0,7,0.42896935933147634,class_1,1,1,0,0,35.75
359.0,19.0,141.0,154.0,10.9,942.0,801.0,7,0.42896935933147634,class_1,1,1,0,0,38.61
359.0,19.0,141.0,154.0,10.9,942.0,801.0,56,0.42896935933147634,class_3,3,0,0,1,68.75
359.0,19.0,141.0,154.0,10.9,942.0,801.0,56,0.42896935933147634,class_3,3,0,0,1,66.78
436.0,0.0,0.0,218.0,0.0,838.4,719.7,28,0.5,class_2,2,0,1,0,23.85
289.0,0.0,0.0,192.0,0.0,913.2,895.3,90,0.6643598615916955,class_3,3,0,0,1,32.07
289.0,0.0,0.0,192.0,0.0,913.2,895.3,3,0.6643598615916955,class_1,1,1,0,0,11.65
393.0,0.0,0.0,192.0,0.0,940.6,785.6,3,0.48854961832061067,class_1,1,1,0,0,19.2
393.0,0.0,0.0,192.0,0.0,940.6,785.6,90,0.48854961832061067,class_3,3,0,0,1,48.85
393.0,0.0,0.0,192.0,0.0,940.6,785.6,28,0.48854961832061067,class_2,2,0,1,0,39.6
480.0,0.0,0.0,192.0,0.0,936.2,712.2,28,0.4,class_2,2,0,1,0,43.94
480.0,0.0,0.0,192.0,0.0,936.2,712.2,7,0.4,class_1,1,1,0,0,34.57
480.0,0.0,0.0,192.0,0.0,936.2,712.2,90,0.4,class_3,3,0,0,1,54.32
480.0,0.0,0.0,192.0,0.0,936.2,712.2,3,0.4,class_1,1,1,0,0,24.4
333.0,0.0,0.0,192.0,0.0,931.2,842.6,3,0.5765765765765766,class_1,1,1,0,0,15.62
255.0,0.0,0.0,192.0,0.0,889.8,945.0,90,0.7529411764705882,class_3,3,0,0,1,21.86
255.0,0.0,0.0,192.0,0.0,889.8,945.0,7,0.7529411764705882,class_1,1,1,0,0,10.22
289.0,0.0,0.0,192.0,0.0,913.2,895.3,7,0.6643598615916955,class_1,1,1,0,0,14.6
255.0,0.0,0.0,192.0,0.0,889.8,945.0,28,0.7529411764705882,class_2,2,0,1,0,18.75
333.0,0.0,0.0,192.0,0.0,931.2,842.6,28,0.5765765765765766,class_2,2,0,1,0,31.97
333.0,0.0,0.0,192.0,0.0,931.2,842.6,7,0.5765765765765766,class_1,1,1,0,0,23.4
289.0,0.0,0.0,192.0,0.0,913.2,895.3,28,0.6643598615916955,class_2,2,0,1,0,25.57
333.0,0.0,0.0,192.0,0.0,931.2,842.6,90,0.5765765765765766,class_3,3,0,0,1,41.68
393.0,0.0,0.0,192.0,0.0,940.6,785.6,7,0.48854961832061067,class_1,1,1,0,0,27.74
255.0,0.0,0.0,192.0,0.0,889.8,945.0,3,0.7529411764705882,class_1,1,1,0,0,8.2
158.8,238.2,0.0,185.7,0.0,1040.6,734.3,7,1.1693954659949621,class_1,1,1,0,0,9.62
239.6,359.4,0.0,185.7,0.0,941.6,664.3,7,0.7750417362270451,class_1,1,1,0,0,25.42
238.2,158.8,0.0,185.7,0.0,1040.6,734.3,7,0.7795969773299748,class_1,1,1,0,0,15.69
181.9,272.8,0.0,185.7,0.0,1012.4,714.3,28,1.0208905992303463,class_2,2,0,1,0,27.94
193.5,290.2,0.0,185.7,0.0,998.2,704.3,28,0.9596899224806201,class_2,2,0,1,0,32.63
255.5,170.3,0.0,185.7,0.0,1026.6,724.3,7,0.7268101761252446,class_1,1,1,0,0,17.24
272.8,181.9,0.0,185.7,0.0,1012.4,714.3,7,0.6807184750733137,class_1,1,1,0,0,19.77
239.6,359.4,0.0,185.7,0.0,941.6,664.3,28,0.7750417362270451,class_2,2,0,1,0,39.44
220.8,147.2,0.0,185.7,0.0,1055.0,744.3,28,0.8410326086956521,class_2,2,0,1,0,25.75
397.0,0.0,0.0,185.7,0.0,1040.6,734.3,28,0.46775818639798483,class_2,2,0,1,0,33.08
382.5,0.0,0.0,185.7,0.0,1047.8,739.3,7,0.48549019607843136,class_1,1,1,0,0,24.07
210.7,316.1,0.0,185.7,0.0,977.0,689.3,7,0.8813478879924063,class_1,1,1,0,0,21.82
158.8,238.2,0.0,185.7,0.0,1040.6,734.3,28,1.1693954659949621,class_2,2,0,1,0,21.07
295.8,0.0,0.0,185.7,0.0,1091.4,769.3,7,0.627789046653144,class_1,1,1,0,0,14.84
255.5,170.3,0.0,185.7,0.0,1026.6,724.3,28,0.7268101761252446,class_2,2,0,1,0,32.05
203.5,135.7,0.0,185.7,0.0,1076.2,759.3,7,0.9125307125307125,class_1,1,1,0,0,11.96
397.0,0.0,0.0,185.7,0.0,1040.6,734.3,7,0.46775818639798483,class_1,1,1,0,0,25.45
381.4,0.0,0.0,185.7,0.0,1104.6,784.3,28,0.4868904037755637,class_2,2,0,1,0,22.49
295.8,0.0,0.0,185.7,0.0,1091.4,769.3,28,0.627789046653144,class_2,2,0,1,0,25.22
228.0,342.1,0.0,185.7,0.0,955.8,674.3,28,0.8144736842105262,class_2,2,0,1,0,39.7
220.8,147.2,0.0,185.7,0.0,1055.0,744.3,7,0.8410326086956521,class_1,1,1,0,0,13.09
316.1,210.7,0.0,185.7,0.0,977.0,689.3,28,0.5874723188864283,class_2,2,0,1,0,38.7
135.7,203.5,0.0,185.7,0.0,1076.2,759.3,7,1.3684598378776713,class_1,1,1,0,0,7.51
238.1,0.0,0.0,185.7,0.0,1118.8,789.3,28,0.7799244015119697,class_2,2,0,1,0,17.58
339.2,0.0,0.0,185.7,0.0,1069.2,754.3,7,0.5474646226415094,class_1,1,1,0,0,21.18
135.7,203.5,0.0,185.7,0.0,1076.2,759.3,28,1.3684598378776713,class_2,2,0,1,0,18.2
193.5,290.2,0.0,185.7,0.0,998.2,704.3,7,0.9596899224806201,class_1,1,1,0,0,17.2
203.5,135.7,0.0,185.7,0.0,1076.2,759.3,28,0.9125307125307125,class_2,2,0,1,0,22.63
290.2,193.5,0.0,185.7,0.0,998.2,704.3,7,0.6399035148173673,class_1,1,1,0,0,21.86
181.9,272.8,0.0,185.7,0.0,1012.4,714.3,7,1.0208905992303463,class_1,1,1,0,0,12.37
170.3,155.5,0.0,185.7,0.0,1026.6,724.3,28,1.0904286553141513,class_2,2,0,1,0,25.73
210.7,316.1,0.0,185.7,0.0,977.0,689.3,28,0.8813478879924063,class_2,2,0,1,0,37.81
228.0,342.1,0.0,185.7,0.0,955.8,674.3,7,0.8144736842105262,class_1,1,1,0,0,21.92
290.2,193.5,0.0,185.7,0.0,998.2,704.3,28,0.6399035148173673,class_2,2,0,1,0,33.04
381.4,0.0,0.0,185.7,0.0,1104.6,784.3,7,0.4868904037755637,class_1,1,1,0,0,14.54
238.2,158.8,0.0,185.7,0.0,1040.6,734.3,28,0.7795969773299748,class_2,2,0,1,0,26.91
186.2,124.1,0.0,185.7,0.0,1083.4,764.3,7,0.9973147153598282,class_1,1,1,0,0,8.0
339.2,0.0,0.0,185.7,0.0,1069.2,754.3,28,0.5474646226415094,class_2,2,0,1,0,31.9
238.1,0.0,0.0,185.7,0.0,1118.8,789.3,7,0.7799244015119697,class_1,1,1,0,0,10.34
252.5,0.0,0.0,185.7,0.0,1111.6,784.3,28,0.7354455445544554,class_2,2,0,1,0,19.77
382.5,0.0,0.0,185.7,0.0,1047.8,739.3,28,0.48549019607843136,class_2,2,0,1,0,37.44
252.5,0.0,0.0,185.7,0.0,1111.6,784.3,7,0.7354455445544554,class_1,1,1,0,0,11.48
316.1,210.7,0.0,185.7,0.0,977.0,689.3,7,0.5874723188864283,class_1,1,1,0,0,24.44
186.2,124.1,0.0,185.7,0.0,1083.4,764.3,28,0.9973147153598282,class_2,2,0,1,0,17.6
170.3,155.5,0.0,185.7,0.0,1026.6,724.3,7,1.0904286553141513,class_1,1,1,0,0,10.73
272.8,181.9,0.0,185.7,0.0,1012.4,714.3,28,0.6807184750733137,class_2,2,0,1,0,31.38
339.0,0.0,0.0,197.0,0.0,968.0,781.0,3,0.5811209439528023,class_1,1,1,0,0,13.22
339.0,0.0,0.0,197.0,0.0,968.0,781.0,7,0.5811209439528023,class_1,1,1,0,0,20.97
339.0,0.0,0.0,197.0,0.0,968.0,781.0,14,0.5811209439528023,class_1,1,1,0,0,27.04
339.0,0.0,0.0,197.0,0.0,968.0,781.0,28,0.5811209439528023,class_2,2,0,1,0,32.04
339.0,0.0,0.0,197.0,0.0,968.0,781.0,90,0.5811209439528023,class_3,3,0,0,1,35.17
339.0,0.0,0.0,197.0,0.0,968.0,781.0,180,0.5811209439528023,class_3,3,0,0,1,36.45
339.0,0.0,0.0,197.0,0.0,968.0,781.0,365,0.5811209439528023,class_3,3,0,0,1,38.89
236.0,0.0,0.0,194.0,0.0,968.0,885.0,3,0.8220338983050848,class_1,1,1,0,0,6.47
236.0,0.0,0.0,194.0,0.0,968.0,885.0,14,0.8220338983050848,class_1,1,1,0,0,12.84
236.0,0.0,0.0,194.0,0.0,968.0,885.0,28,0.8220338983050848,class_2,2,0,1,0,18.42
236.0,0.0,0.0,194.0,0.0,968.0,885.0,90,0.8220338983050848,class_3,3,0,0,1,21.95
236.0,0.0,0.0,193.0,0.0,968.0,885.0,180,0.8177966101694916,class_3,3,0,0,1,24.1
236.0,0.0,0.0,193.0,0.0,968.0,885.0,365,0.8177966101694916,class_3,3,0,0,1,25.08
277.0,0.0,0.0,191.0,0.0,968.0,856.0,14,0.6895306859205776,class_1,1,1,0,0,21.26
277.0,0.0,0.0,191.0,0.0,968.0,856.0,28,0.6895306859205776,class_2,2,0,1,0,25.97
277.0,0.0,0.0,191.0,0.0,968.0,856.0,3,0.6895306859205776,class_1,1,1,0,0,11.36
277.0,0.0,0.0,191.0,0.0,968.0,856.0,90,0.6895306859205776,class_3,3,0,0,1,31.25
277.0,0.0,0.0,191.0,0.0,968.0,856.0,180,0.6895306859205776,class_3,3,0,0,1,32.33
277.0,0.0,0.0,191.0,0.0,968.0,856.0,360,0.6895306859205776,class_3,3,0,0,1,33.7
254.0,0.0,0.0,198.0,0.0,968.0,863.0,3,0.7795275590551181,class_1,1,1,0,0,9.31
254.0,0.0,0.0,198.0,0.0,968.0,863.0,90,0.7795275590551181,class_3,3,0,0,1,26.94
254.0,0.0,0.0,198.0,0.0,968.0,863.0,180,0.7795275590551181,class_3,3,0,0,1,27.63
254.0,0.0,0.0,198.0,0.0,968.0,863.0,365,0.7795275590551181,class_3,3,0,0,1,29.79
307.0,0.0,0.0,193.0,0.0,968.0,812.0,180,0.6286644951140065,class_3,3,0,0,1,34.49
307.0,0.0,0.0,193.0,0.0,968.0,812.0,365,0.6286644951140065,class_3,3,0,0,1,36.15
307.0,0.0,0.0,193.0,0.0,968.0,812.0,3,0.6286644951140065,class_1,1,1,0,0,12.54
307.0,0.0,0.0,193.0,0.0,968.0,812.0,28,0.6286644951140065,class_2,2,0,1,0,27.53
307.0,0.0,0.0,193.0,0.0,968.0,812.0,90,0.6286644951140065,class_3,3,0,0,1,32.92
236.0,0.0,0.0,193.0,0.0,968.0,885.0,7,0.8177966101694916,class_1,1,1,0,0,9.99
200.0,0.0,0.0,180.0,0.0,1125.0,845.0,7,0.9,class_1,1,1,0,0,7.84
200.0,0.0,0.0,180.0,0.0,1125.0,845.0,28,0.9,class_2,2,0,1,0,12.25
225.0,0.0,0.0,181.0,0.0,1113.0,833.0,7,0.8044444444444444,class_1,1,1,0,0,11.17
225.0,0.0,0.0,181.0,0.0,1113.0,833.0,28,0.8044444444444444,class_2,2,0,1,0,17.34
325.0,0.0,0.0,184.0,0.0,1063.0,783.0,7,0.5661538461538461,class_1,1,1,0,0,17.54
325.0,0.0,0.0,184.0,0.0,1063.0,783.0,28,0.5661538461538461,class_2,2,0,1,0,30.57
275.0,0.0,0.0,183.0,0.0,1088.0,808.0,7,0.6654545454545454,class_1,1,1,0,0,14.2
275.0,0.0,0.0,183.0,0.0,1088.0,808.0,28,0.6654545454545454,class_2,2,0,1,0,24.5
300.0,0.0,0.0,184.0,0.0,1075.0,795.0,7,0.6133333333333333,class_1,1,1,0,0,15.58
300.0,0.0,0.0,184.0,0.0,1075.0,795.0,28,0.6133333333333333,class_2,2,0,1,0,26.85
375.0,0.0,0.0,186.0,0.0,1038.0,758.0,7,0.496,class_1,1,1,0,0,26.06
375.0,0.0,0.0,186.0,0.0,1038.0,758.0,28,0.496,class_2,2,0,1,0,38.21
400.0,0.0,0.0,187.0,0.0,1025.0,745.0,28,0.4675,class_2,2,0,1,0,43.7
400.0,0.0,0.0,187.0,0.0,1025.0,745.0,7,0.4675,class_1,1,1,0,0,30.14
250.0,0.0,0.0,182.0,0.0,1100.0,820.0,7,0.728,class_1,1,1,0,0,12.73
250.0,0.0,0.0,182.0,0.0,1100.0,820.0,28,0.728,class_2,2,0,1,0,20.87
350.0,0.0,0.0,186.0,0.0,1050.0,770.0,7,0.5314285714285715,class_1,1,1,0,0,20.28
350.0,0.0,0.0,186.0,0.0,1050.0,770.0,28,0.5314285714285715,class_2,2,0,1,0,34.29
203.5,305.3,0.0,203.5,0.0,963.4,630.0,7,1.0,class_1,1,1,0,0,19.54
250.2,166.8,0.0,203.5,0.0,977.6,694.1,90,0.8133493205435652,class_3,3,0,0,1,47.71
157.0,236.0,0.0,192.0,0.0,935.4,781.2,90,1.2229299363057324,class_3,3,0,0,1,43.38
141.3,212.0,0.0,203.5,0.0,971.8,748.5,28,1.4401981599433828,class_2,2,0,1,0,29.89
166.8,250.2,0.0,203.5,0.0,975.6,692.6,3,1.2200239808153477,class_1,1,1,0,0,6.9
122.6,183.9,0.0,203.5,0.0,958.2,800.1,90,1.6598694942903753,class_3,3,0,0,1,33.19
183.9,122.6,0.0,203.5,0.0,959.2,800.0,3,1.10657966286025,class_1,1,1,0,0,4.9
102.0,153.0,0.0,192.0,0.0,887.0,942.0,3,1.8823529411764706,class_1,1,1,0,0,4.57
102.0,153.0,0.0,192.0,0.0,887.0,942.0,90,1.8823529411764706,class_3,3,0,0,1,25.46
122.6,183.9,0.0,203.5,0.0,958.2,800.1,28,1.6598694942903753,class_2,2,0,1,0,24.29
166.8,250.2,0.0,203.5,0.0,975.6,692.6,28,1.2200239808153477,class_2,2,0,1,0,33.95
200.0,133.0,0.0,192.0,0.0,965.4,806.2,3,0.96,class_1,1,1,0,0,11.41
108.3,162.4,0.0,203.5,0.0,938.2,849.0,28,1.8790397045244691,class_2,2,0,1,0,20.59
305.3,203.5,0.0,203.5,0.0,965.4,631.0,7,0.6665574844415328,class_1,1,1,0,0,25.89
108.3,162.4,0.0,203.5,0.0,938.2,849.0,90,1.8790397045244691,class_3,3,0,0,1,29.23
116.0,173.0,0.0,192.0,0.0,909.8,891.9,90,1.6551724137931034,class_3,3,0,0,1,31.02
141.3,212.0,0.0,203.5,0.0,971.8,748.5,7,1.4401981599433828,class_1,1,1,0,0,10.39
157.0,236.0,0.0,192.0,0.0,935.4,781.2,28,1.2229299363057324,class_2,2,0,1,0,33.66
133.0,200.0,0.0,192.0,0.0,927.4,839.2,28,1.443609022556391,class_2,2,0,1,0,27.87
250.2,166.8,0.0,203.5,0.0,977.6,694.1,7,0.8133493205435652,class_1,1,1,0,0,19.35
173.0,116.0,0.0,192.0,0.0,946.8,856.8,7,1.1098265895953756,class_1,1,1,0,0,11.39
192.0,288.0,0.0,192.0,0.0,929.8,716.1,3,1.0,class_1,1,1,0,0,12.79
192.0,288.0,0.0,192.0,0.0,929.8,716.1,28,1.0,class_2,2,0,1,0,39.32
153.0,102.0,0.0,192.0,0.0,888.0,943.1,3,1.2549019607843137,class_1,1,1,0,0,4.78
288.0,192.0,0.0,192.0,0.0,932.0,717.8,3,0.6666666666666666,class_1,1,1,0,0,16.11
305.3,203.5,0.0,203.5,0.0,965.4,631.0,28,0.6665574844415328,class_2,2,0,1,0,43.38
236.0,157.0,0.0,192.0,0.0,972.6,749.1,7,0.8135593220338984,class_1,1,1,0,0,20.42
173.0,116.0,0.0,192.0,0.0,946.8,856.8,3,1.1098265895953756,class_1,1,1,0,0,6.94
212.0,141.3,0.0,203.5,0.0,973.4,750.0,7,0.9599056603773585,class_1,1,1,0,0,15.03
236.0,157.0,0.0,192.0,0.0,972.6,749.1,3,0.8135593220338984,class_1,1,1,0,0,13.57
183.9,122.6,0.0,203.5,0.0,959.2,800.0,90,1.10657966286025,class_3,3,0,0,1,32.53
166.8,250.2,0.0,203.5,0.0,975.6,692.6,7,1.2200239808153477,class_1,1,1,0,0,15.75
102.0,153.0,0.0,192.0,0.0,887.0,942.0,7,1.8823529411764706,class_1,1,1,0,0,7.68
288.0,192.0,0.0,192.0,0.0,932.0,717.8,28,0.6666666666666666,class_2,2,0,1,0,38.8
212.0,141.3,0.0,203.5,0.0,973.4,750.0,28,0.9599056603773585,class_2,2,0,1,0,33.0
102.0,153.0,0.0,192.0,0.0,887.0,942.0,28,1.8823529411764706,class_2,2,0,1,0,17.28
173.0,116.0,0.0,192.0,0.0,946.8,856.8,28,1.1098265895953756,class_2,2,0,1,0,24.28
183.9,122.6,0.0,203.5,0.0,959.2,800.0,28,1.10657966286025,class_2,2,0,1,0,24.05
133.0,200.0,0.0,192.0,0.0,927.4,839.2,90,1.443609022556391,class_3,3,0,0,1,36.59
192.0,288.0,0.0,192.0,0.0,929.8,716.1,90,1.0,class_3,3,0,0,1,50.73
133.0,200.0,0.0,192.0,0.0,927.4,839.2,7,1.443609022556391,class_1,1,1,0,0,13.66
305.3,203.5,0.0,203.5,0.0,965.4,631.0,3,0.6665574844415328,class_1,1,1,0,0,14.14
236.0,157.0,0.0,192.0,0.0,972.6,749.1,90,0.8135593220338984,class_3,3,0,0,1,47.78
108.3,162.4,0.0,203.5,0.0,938.2,849.0,3,1.8790397045244691,class_1,1,1,0,0,2.33
157.0,236.0,0.0,192.0,0.0,935.4,781.2,7,1.2229299363057324,class_1,1,1,0,0,16.89
288.0,192.0,0.0,192.0,0.0,932.0,717.8,7,0.6666666666666666,class_1,1,1,0,0,23.52
212.0,141.3,0.0,203.5,0.0,973.4,750.0,3,0.9599056603773585,class_1,1,1,0,0,6.81
212.0,141.3,0.0,203.5,0.0,973.4,750.0,90,0.9599056603773585,class_3,3,0,0,1,39.7
153.0,102.0,0.0,192.0,0.0,888.0,943.1,28,1.2549019607843137,class_2,2,0,1,0,17.96
236.0,157.0,0.0,192.0,0.0,972.6,749.1,28,0.8135593220338984,class_2,2,0,1,0,32.88
116.0,173.0,0.0,192.0,0.0,909.8,891.9,28,1.6551724137931034,class_2,2,0,1,0,22.35
183.9,122.6,0.0,203.5,0.0,959.2,800.0,7,1.10657966286025,class_1,1,1,0,0,10.79
108.3,162.4,0.0,203.5,0.0,938.2,849.0,7,1.8790397045244691,class_1,1,1,0,0,7.72
203.5,305.3,0.0,203.5,0.0,963.4,630.0,28,1.0,class_2,2,0,1,0,41.68
203.5,305.3,0.0,203.5,0.0,963.4,630.0,3,1.0,class_1,1,1,0,0,9.56
133.0,200.0,0.0,192.0,0.0,927.4,839.2,3,1.443609022556391,class_1,1,1,0,0,6.88
288.0,192.0,0.0,192.0,0.0,932.0,717.8,90,0.6666666666666666,class_3,3,0,0,1,50.53
200.0,133.0,0.0,192.0,0.0,965.4,806.2,7,0.96,class_1,1,1,0,0,17.17
200.0,133.0,0.0,192.0,0.0,965.4,806.2,28,0.96,class_2,2,0,1,0,30.44
250.2,166.8,0.0,203.5,0.0,977.6,694.1,3,0.8133493205435652,class_1,1,1,0,0,9.73
122.6,183.9,0.0,203.5,0.0,958.2,800.1,3,1.6598694942903753,class_1,1,1,0,0,3.32
153.0,102.0,0.0,192.0,0.0,888.0,943.1,90,1.2549019607843137,class_3,3,0,0,1,26.32
200.0,133.0,0.0,192.0,0.0,965.4,806.2,90,0.96,class_3,3,0,0,1,43.25
116.0,173.0,0.0,192.0,0.0,909.8,891.9,3,1.6551724137931034,class_1,1,1,0,0,6.28
173.0,116.0,0.0,192.0,0.0,946.8,856.8,90,1.1098265895953756,class_3,3,0,0,1,32.1
250.2,166.8,0.0,203.5,0.0,977.6,694.1,28,0.8133493205435652,class_2,2,0,1,0,36.96
305.3,203.5,0.0,203.5,0.0,965.4,631.0,90,0.6665574844415328,class_3,3,0,0,1,54.6
192.0,288.0,0.0,192.0,0.0,929.8,716.1,7,1.0,class_1,1,1,0,0,21.48
157.0,236.0,0.0,192.0,0.0,935.4,781.2,3,1.2229299363057324,class_1,1,1,0,0,9.69
153.0,102.0,0.0,192.0,0.0,888.0,943.1,7,1.2549019607843137,class_1,1,1,0,0,8.37
141.3,212.0,0.0,203.5,0.0,971.8,748.5,90,1.4401981599433828,class_3,3,0,0,1,39.66
116.0,173.0,0.0,192.0,0.0,909.8,891.9,7,1.6551724137931034,class_1,1,1,0,0,10.09
141.3,212.0,0.0,203.5,0.0,971.8,748.5,3,1.4401981599433828,class_1,1,1,0,0,4.83
122.6,183.9,0.0,203.5,0.0,958.2,800.1,7,1.6598694942903753,class_1,1,1,0,0,10.35
166.8,250.2,0.0,203.5,0.0,975.6,692.6,90,1.2200239808153477,class_3,3,0,0,1,43.57
203.5,305.3,0.0,203.5,0.0,963.4,630.0,90,1.0,class_3,3,0,0,1,51.86
310.0,0.0,0.0,192.0,0.0,1012.0,830.0,3,0.6193548387096774,class_1,1,1,0,0,11.85
310.0,0.0,0.0,192.0,0.0,1012.0,830.0,7,0.6193548387096774,class_1,1,1,0,0,17.24
310.0,0.0,0.0,192.0,0.0,1012.0,830.0,28,0.6193548387096774,class_2,2,0,1,0,27.83
310.0,0.0,0.0,192.0,0.0,1012.0,830.0,90,0.6193548387096774,class_3,3,0,0,1,35.76
310.0,0.0,0.0,192.0,0.0,1012.0,830.0,120,0.6193548387096774,class_3,3,0,0,1,38.7
331.0,0.0,0.0,192.0,0.0,1025.0,821.0,3,0.5800604229607251,class_1,1,1,0,0,14.31
331.0,0.0,0.0,192.0,0.0,1025.0,821.0,7,0.5800604229607251,class_1,1,1,0,0,17.44
331.0,0.0,0.0,192.0,0.0,1025.0,821.0,28,0.5800604229607251,class_2,2,0,1,0,31.74
331.0,0.0,0.0,192.0,0.0,1025.0,821.0,90,0.5800604229607251,class_3,3,0,0,1,37.91
331.0,0.0,0.0,192.0,0.0,1025.0,821.0,120,0.5800604229607251,class_3,3,0,0,1,39.38
349.0,0.0,0.0,192.0,0.0,1056.0,809.0,3,0.5501432664756447,class_1,1,1,0,0,15.87
349.0,0.0,0.0,192.0,0.0,1056.0,809.0,7,0.5501432664756447,class_1,1,1,0,0,9.01
349.0,0.0,0.0,192.0,0.0,1056.0,809.0,28,0.5501432664756447,class_2,2,0,1,0,33.61
349.0,0.0,0.0,192.0,0.0,1056.0,809.0,90,0.5501432664756447,class_3,3,0,0,1,40.66
349.0,0.0,0.0,192.0,0.0,1056.0,809.0,120,0.5501432664756447,class_3,3,0,0,1,40.86
238.0,0.0,0.0,186.0,0.0,1119.0,789.0,7,0.7815126050420168,class_1,1,1,0,0,12.05
238.0,0.0,0.0,186.0,0.0,1119.0,789.0,28,0.7815126050420168,class_2,2,0,1,0,17.54
296.0,0.0,0.0,186.0,0.0,1090.0,769.0,7,0.6283783783783784,class_1,1,1,0,0,18.91
296.0,0.0,0.0,186.0,0.0,1090.0,769.0,28,0.6283783783783784,class_2,2,0,1,0,25.18
297.0,0.0,0.0,186.0,0.0,1040.0,734.0,7,0.6262626262626263,class_1,1,1,0,0,30.96
480.0,0.0,0.0,192.0,0.0,936.0,721.0,28,0.4,class_2,2,0,1,0,43.89
480.0,0.0,0.0,192.0,0.0,936.0,721.0,90,0.4,class_3,3,0,0,1,54.28
397.0,0.0,0.0,186.0,0.0,1040.0,734.0,28,0.46851385390428213,class_2,2,0,1,0,36.94
281.0,0.0,0.0,186.0,0.0,1104.0,774.0,7,0.6619217081850534,class_1,1,1,0,0,14.5
281.0,0.0,0.0,185.0,0.0,1104.0,774.0,28,0.6583629893238434,class_2,2,0,1,0,22.44
500.0,0.0,0.0,200.0,0.0,1125.0,613.0,1,0.4,class_1,1,1,0,0,12.64
500.0,0.0,0.0,200.0,0.0,1125.0,613.0,3,0.4,class_1,1,1,0,0,26.06
500.0,0.0,0.0,200.0,0.0,1125.0,613.0,7,0.4,class_1,1,1,0,0,33.21
500.0,0.0,0.0,200.0,0.0,1125.0,613.0,14,0.4,class_1,1,1,0,0,36.94
500.0,0.0,0.0,200.0,0.0,1125.0,613.0,28,0.4,class_2,2,0,1,0,44.09
540.0,0.0,0.0,173.0,0.0,1125.0,613.0,7,0.32037037037037036,class_1,1,1,0,0,52.61
540.0,0.0,0.0,173.0,0.0,1125.0,613.0,14,0.32037037037037036,class_1,1,1,0,0,59.76
540.0,0.0,0.0,173.0,0.0,1125.0,613.0,28,0.32037037037037036,class_2,2,0,1,0,67.31
540.0,0.0,0.0,173.0,0.0,1125.0,613.0,90,0.32037037037037036,class_3,3,0,0,1,69.66
540.0,0.0,0.0,173.0,0.0,1125.0,613.0,180,0.32037037037037036,class_3,3,0,0,1,71.62
540.0,0.0,0.0,173.0,0.0,1125.0,613.0,270,0.32037037037037036,class_3,3,0,0,1,74.17
350.0,0.0,0.0,203.0,0.0,974.0,775.0,7,0.58,class_1,1,1,0,0,18.13
350.0,0.0,0.0,203.0,0.0,974.0,775.0,14,0.58,class_1,1,1,0,0,22.53
350.0,0.0,0.0,203.0,0.0,974.0,775.0,28,0.58,class_2,2,0,1,0,27.34
350.0,0.0,0.0,203.0,0.0,974.0,775.0,56,0.58,class_3,3,0,0,1,29.98
350.0,0.0,0.0,203.0,0.0,974.0,775.0,90,0.58,class_3,3,0,0,1,31.35
350.0,0.0,0.0,203.0,0.0,974.0,775.0,180,0.58,class_3,3,0,0,1,32.72
385.0,0.0,0.0,186.0,0.0,966.0,763.0,1,0.4831168831168831,class_1,1,1,0,0,6.27
385.0,0.0,0.0,186.0,0.0,966.0,763.0,3,0.4831168831168831,class_1,1,1,0,0,14.7
385.0,0.0,0.0,186.0,0.0,966.0,763.0,7,0.4831168831168831,class_1,1,1,0,0,23.22
385.0,0.0,0.0,186.0,0.0,966.0,763.0,14,0.4831168831168831,class_1,1,1,0,0,27.92
385.0,0.0,0.0,186.0,0.0,966.0,763.0,28,0.4831168831168831,class_2,2,0,1,0,31.35
331.0,0.0,0.0,192.0,0.0,978.0,825.0,180,0.5800604229607251,class_3,3,0,0,1,39.0
331.0,0.0,0.0,192.0,0.0,978.0,825.0,360,0.5800604229607251,class_3,3,0,0,1,41.24
349.0,0.0,0.0,192.0,0.0,1047.0,806.0,3,0.5501432664756447,class_1,1,1,0,0,14.99
331.0,0.0,0.0,192.0,0.0,978.0,825.0,3,0.5800604229607251,class_1,1,1,0,0,13.52
382.0,0.0,0.0,186.0,0.0,1047.0,739.0,7,0.4869109947643979,class_1,1,1,0,0,24.0
382.0,0.0,0.0,186.0,0.0,1047.0,739.0,28,0.4869109947643979,class_2,2,0,1,0,37.42
382.0,0.0,0.0,186.0,0.0,1111.0,784.0,7,0.4869109947643979,class_1,1,1,0,0,11.47
281.0,0.0,0.0,186.0,0.0,1104.0,774.0,28,0.6619217081850534,class_2,2,0,1,0,22.44
339.0,0.0,0.0,185.0,0.0,1069.0,754.0,7,0.5457227138643068,class_1,1,1,0,0,21.16
339.0,0.0,0.0,185.0,0.0,1069.0,754.0,28,0.5457227138643068,class_2,2,0,1,0,31.84
295.0,0.0,0.0,185.0,0.0,1069.0,769.0,7,0.6271186440677966,class_1,1,1,0,0,14.8
295.0,0.0,0.0,185.0,0.0,1069.0,769.0,28,0.6271186440677966,class_2,2,0,1,0,25.18
238.0,0.0,0.0,185.0,0.0,1118.0,789.0,28,0.7773109243697479,class_2,2,0,1,0,17.54
296.0,0.0,0.0,192.0,0.0,1085.0,765.0,7,0.6486486486486487,class_1,1,1,0,0,14.2
296.0,0.0,0.0,192.0,0.0,1085.0,765.0,28,0.6486486486486487,class_2,2,0,1,0,21.65
296.0,0.0,0.0,192.0,0.0,1085.0,765.0,90,0.6486486486486487,class_3,3,0,0,1,29.39
331.0,0.0,0.0,192.0,0.0,879.0,825.0,3,0.5800604229607251,class_1,1,1,0,0,13.52
331.0,0.0,0.0,192.0,0.0,978.0,825.0,7,0.5800604229607251,class_1,1,1,0,0,16.26
331.0,0.0,0.0,192.0,0.0,978.0,825.0,28,0.5800604229607251,class_2,2,0,1,0,31.45
331.0,0.0,0.0,192.0,0.0,978.0,825.0,90,0.5800604229607251,class_3,3,0,0,1,37.23
349.0,0.0,0.0,192.0,0.0,1047.0,806.0,7,0.5501432664756447,class_1,1,1,0,0,18.13
349.0,0.0,0.0,192.0,0.0,1047.0,806.0,28,0.5501432664756447,class_2,2,0,1,0,32.72
349.0,0.0,0.0,192.0,0.0,1047.0,806.0,90,0.5501432664756447,class_3,3,0,0,1,39.49
349.0,0.0,0.0,192.0,0.0,1047.0,806.0,180,0.5501432664756447,class_3,3,0,0,1,41.05
349.0,0.0,0.0,192.0,0.0,1047.0,806.0,360,0.5501432664756447,class_3,3,0,0,1,42.13
302.0,0.0,0.0,203.0,0.0,974.0,817.0,14,0.6721854304635762,class_1,1,1,0,0,18.13
302.0,0.0,0.0,203.0,0.0,974.0,817.0,180,0.6721854304635762,class_3,3,0,0,1,26.74
525.0,0.0,0.0,189.0,0.0,1125.0,613.0,180,0.36,class_3,3,0,0,1,61.92
500.0,0.0,0.0,200.0,0.0,1125.0,613.0,90,0.4,class_3,3,0,0,1,47.22
500.0,0.0,0.0,200.0,0.0,1125.0,613.0,180,0.4,class_3,3,0,0,1,51.04
500.0,0.0,0.0,200.0,0.0,1125.0,613.0,270,0.4,class_3,3,0,0,1,55.16
540.0,0.0,0.0,173.0,0.0,1125.0,613.0,3,0.32037037037037036,class_1,1,1,0,0,41.64
252.0,0.0,0.0,185.0,0.0,1111.0,784.0,7,0.7341269841269841,class_1,1,1,0,0,13.71
252.0,0.0,0.0,185.0,0.0,1111.0,784.0,28,0.7341269841269841,class_2,2,0,1,0,19.69
339.0,0.0,0.0,185.0,0.0,1060.0,754.0,28,0.5457227138643068,class_2,2,0,1,0,31.65
393.0,0.0,0.0,192.0,0.0,940.0,758.0,3,0.48854961832061067,class_1,1,1,0,0,19.11
393.0,0.0,0.0,192.0,0.0,940.0,758.0,28,0.48854961832061067,class_2,2,0,1,0,39.58
393.0,0.0,0.0,192.0,0.0,940.0,758.0,90,0.48854961832061067,class_3,3,0,0,1,48.79
382.0,0.0,0.0,185.0,0.0,1047.0,739.0,7,0.48429319371727747,class_1,1,1,0,0,24.0
382.0,0.0,0.0,185.0,0.0,1047.0,739.0,28,0.48429319371727747,class_2,2,0,1,0,37.42
252.0,0.0,0.0,186.0,0.0,1111.0,784.0,7,0.7380952380952381,class_1,1,1,0,0,11.47
252.0,0.0,0.0,185.0,0.0,1111.0,784.0,28,0.7341269841269841,class_2,2,0,1,0,19.69
310.0,0.0,0.0,192.0,0.0,970.0,850.0,7,0.6193548387096774,class_1,1,1,0,0,14.99
310.0,0.0,0.0,192.0,0.0,970.0,850.0,28,0.6193548387096774,class_2,2,0,1,0,27.92
310.0,0.0,0.0,192.0,0.0,970.0,850.0,90,0.6193548387096774,class_3,3,0,0,1,34.68
310.0,0.0,0.0,192.0,0.0,970.0,850.0,180,0.6193548387096774,class_3,3,0,0,1,37.33
310.0,0.0,0.0,192.0,0.0,970.0,850.0,360,0.6193548387096774,class_3,3,0,0,1,38.11
525.0,0.0,0.0,189.0,0.0,1125.0,613.0,3,0.36,class_1,1,1,0,0,33.8
525.0,0.0,0.0,189.0,0.0,1125.0,613.0,7,0.36,class_1,1,1,0,0,42.42
525.0,0.0,0.0,189.0,0.0,1125.0,613.0,14,0.36,class_1,1,1,0,0,48.4
525.0,0.0,0.0,189.0,0.0,1125.0,613.0,28,0.36,class_2,2,0,1,0,55.94
525.0,0.0,0.0,189.0,0.0,1125.0,613.0,90,0.36,class_3,3,0,0,1,58.78
525.0,0.0,0.0,189.0,0.0,1125.0,613.0,270,0.36,class_3,3,0,0,1,67.11
322.0,0.0,0.0,203.0,0.0,974.0,800.0,14,0.6304347826086957,class_1,1,1,0,0,20.77
322.0,0.0,0.0,203.0,0.0,974.0,800.0,28,0.6304347826086957,class_2,2,0,1,0,25.18
322.0,0.0,0.0,203.0,0.0,974.0,800.0,180,0.6304347826086957,class_3,3,0,0,1,29.59
302.0,0.0,0.0,203.0,0.0,974.0,817.0,28,0.6721854304635762,class_2,2,0,1,0,21.75
397.0,0.0,0.0,185.0,0.0,1040.0,734.0,28,0.4659949622166247,class_2,2,0,1,0,39.09
480.0,0.0,0.0,192.0,0.0,936.0,721.0,3,0.4,class_1,1,1,0,0,24.39
522.0,0.0,0.0,146.0,0.0,896.0,896.0,7,0.2796934865900383,class_1,1,1,0,0,50.51
522.0,0.0,0.0,146.0,0.0,896.0,896.0,28,0.2796934865900383,class_2,2,0,1,0,74.99
273.0,105.0,82.0,210.0,9.0,904.0,680.0,28,0.7692307692307693,class_2,2,0,1,0,37.17
162.0,190.0,148.0,179.0,19.0,838.0,741.0,28,1.1049382716049383,class_2,2,0,1,0,33.76
154.0,144.0,112.0,220.0,10.0,923.0,658.0,28,1.4285714285714286,class_2,2,0,1,0,16.5
147.0,115.0,89.0,202.0,9.0,860.0,829.0,28,1.3741496598639455,class_2,2,0,1,0,19.99
152.0,178.0,139.0,168.0,18.0,944.0,695.0,28,1.105263157894737,class_2,2,0,1,0,36.35
310.0,143.0,111.0,168.0,22.0,914.0,651.0,28,0.5419354838709678,class_2,2,0,1,0,33.69
144.0,0.0,175.0,158.0,18.0,943.0,844.0,28,1.0972222222222223,class_2,2,0,1,0,15.42
304.0,140.0,0.0,214.0,6.0,895.0,722.0,28,0.7039473684210527,class_2,2,0,1,0,33.42
374.0,0.0,0.0,190.0,7.0,1013.0,730.0,28,0.5080213903743316,class_2,2,0,1,0,39.05
159.0,149.0,116.0,175.0,15.0,953.0,720.0,28,1.10062893081761,class_2,2,0,1,0,27.68
153.0,239.0,0.0,200.0,6.0,1002.0,684.0,28,1.3071895424836601,class_2,2,0,1,0,26.86
310.0,143.0,0.0,168.0,10.0,914.0,804.0,28,0.5419354838709678,class_2,2,0,1,0,45.3
305.0,0.0,100.0,196.0,10.0,959.0,705.0,28,0.6426229508196721,class_2,2,0,1,0,30.12
151.0,0.0,184.0,167.0,12.0,991.0,772.0,28,1.1059602649006623,class_2,2,0,1,0,15.57
142.0,167.0,130.0,174.0,11.0,883.0,785.0,28,1.2253521126760563,class_2,2,0,1,0,44.61
298.0,137.0,107.0,201.0,6.0,878.0,655.0,28,0.674496644295302,class_2,2,0,1,0,53.52
321.0,164.0,0.0,190.0,5.0,870.0,774.0,28,0.5919003115264797,class_2,2,0,1,0,57.21
366.0,187.0,0.0,191.0,7.0,824.0,757.0,28,0.5218579234972678,class_2,2,0,1,0,65.91
280.0,129.0,100.0,172.0,9.0,825.0,805.0,28,0.6142857142857143,class_2,2,0,1,0,52.82
252.0,97.0,76.0,194.0,8.0,835.0,821.0,28,0.7698412698412699,class_2,2,0,1,0,33.4
165.0,0.0,150.0,182.0,12.0,1023.0,729.0,28,1.103030303030303,class_2,2,0,1,0,18.03
156.0,243.0,0.0,180.0,11.0,1022.0,698.0,28,1.1538461538461537,class_2,2,0,1,0,37.36
160.0,188.0,146.0,203.0,11.0,829.0,710.0,28,1.26875,class_2,2,0,1,0,32.84
298.0,0.0,107.0,186.0,6.0,879.0,815.0,28,0.6241610738255033,class_2,2,0,1,0,42.64
318.0,0.0,126.0,210.0,6.0,861.0,737.0,28,0.660377358490566,class_2,2,0,1,0,40.06
287.0,121.0,94.0,188.0,9.0,904.0,696.0,28,0.6550522648083623,class_2,2,0,1,0,41.94
326.0,166.0,0.0,174.0,9.0,882.0,790.0,28,0.5337423312883436,class_2,2,0,1,0,61.23
356.0,0.0,142.0,193.0,11.0,801.0,778.0,28,0.5421348314606742,class_2,2,0,1,0,40.87
132.0,207.0,161.0,179.0,5.0,867.0,736.0,28,1.356060606060606,class_2,2,0,1,0,33.3
322.0,149.0,0.0,186.0,8.0,951.0,709.0,28,0.577639751552795,class_2,2,0,1,0,52.42
164.0,0.0,200.0,181.0,13.0,849.0,846.0,28,1.103658536585366,class_2,2,0,1,0,15.09
314.0,0.0,113.0,170.0,10.0,925.0,783.0,28,0.5414012738853503,class_2,2,0,1,0,38.46
321.0,0.0,128.0,182.0,11.0,870.0,780.0,28,0.5669781931464174,class_2,2,0,1,0,37.26
140.0,164.0,128.0,237.0,6.0,869.0,656.0,28,1.6928571428571428,class_2,2,0,1,0,35.23
288.0,121.0,0.0,177.0,7.0,908.0,829.0,28,0.6145833333333334,class_2,2,0,1,0,42.13
298.0,0.0,107.0,210.0,11.0,880.0,744.0,28,0.7046979865771812,class_2,2,0,1,0,31.87
265.0,111.0,86.0,195.0,6.0,833.0,790.0,28,0.7358490566037735,class_2,2,0,1,0,41.54
160.0,250.0,0.0,168.0,12.0,1049.0,688.0,28,1.05,class_2,2,0,1,0,39.45
166.0,260.0,0.0,183.0,13.0,859.0,827.0,28,1.1024096385542168,class_2,2,0,1,0,37.91
276.0,116.0,90.0,180.0,9.0,870.0,768.0,28,0.6521739130434783,class_2,2,0,1,0,44.28
322.0,0.0,116.0,196.0,10.0,818.0,813.0,28,0.6086956521739131,class_2,2,0,1,0,31.18
149.0,139.0,109.0,193.0,6.0,892.0,780.0,28,1.2953020134228188,class_2,2,0,1,0,23.69
159.0,187.0,0.0,176.0,11.0,990.0,789.0,28,1.1069182389937107,class_2,2,0,1,0,32.76
261.0,100.0,78.0,201.0,9.0,864.0,761.0,28,0.7701149425287356,class_2,2,0,1,0,32.4
237.0,92.0,71.0,247.0,6.0,853.0,695.0,28,1.0421940928270041,class_2,2,0,1,0,28.63
313.0,0.0,113.0,178.0,8.0,1002.0,689.0,28,0.5686900958466453,class_2,2,0,1,0,36.8
155.0,183.0,0.0,193.0,9.0,1047.0,697.0,28,1.2451612903225806,class_2,2,0,1,0,18.28
146.0,230.0,0.0,202.0,3.0,827.0,872.0,28,1.3835616438356164,class_2,2,0,1,0,33.06
296.0,0.0,107.0,221.0,11.0,819.0,778.0,28,0.7466216216216216,class_2,2,0,1,0,31.42
133.0,210.0,0.0,196.0,3.0,949.0,795.0,28,1.4736842105263157,class_2,2,0,1,0,31.03
313.0,145.0,0.0,178.0,8.0,867.0,824.0,28,0.5686900958466453,class_2,2,0,1,0,44.39
152.0,0.0,112.0,184.0,8.0,992.0,816.0,28,1.2105263157894737,class_2,2,0,1,0,12.18
153.0,145.0,113.0,178.0,8.0,1002.0,689.0,28,1.1633986928104576,class_2,2,0,1,0,25.56
140.0,133.0,103.0,200.0,7.0,916.0,753.0,28,1.4285714285714286,class_2,2,0,1,0,36.44
149.0,236.0,0.0,176.0,13.0,847.0,893.0,28,1.1812080536912752,class_2,2,0,1,0,32.96
300.0,0.0,120.0,212.0,10.0,878.0,728.0,28,0.7066666666666667,class_2,2,0,1,0,23.84
153.0,145.0,113.0,178.0,8.0,867.0,824.0,28,1.1633986928104576,class_2,2,0,1,0,26.23
148.0,0.0,137.0,158.0,16.0,1002.0,830.0,28,1.0675675675675675,class_2,2,0,1,0,17.95
326.0,0.0,138.0,199.0,11.0,801.0,792.0,28,0.6104294478527608,class_2,2,0,1,0,40.68
153.0,145.0,0.0,178.0,8.0,1000.0,822.0,28,1.1633986928104576,class_2,2,0,1,0,19.01
262.0,111.0,86.0,195.0,5.0,895.0,733.0,28,0.7442748091603053,class_2,2,0,1,0,33.72
158.0,0.0,195.0,220.0,11.0,898.0,713.0,28,1.3924050632911393,class_2,2,0,1,0,8.54
151.0,0.0,185.0,167.0,16.0,1074.0,678.0,28,1.1059602649006623,class_2,2,0,1,0,13.46
273.0,0.0,90.0,199.0,11.0,931.0,762.0,28,0.7289377289377289,class_2,2,0,1,0,32.24
149.0,118.0,92.0,183.0,7.0,953.0,780.0,28,1.2281879194630871,class_2,2,0,1,0,23.52
143.0,169.0,143.0,191.0,8.0,967.0,643.0,28,1.3356643356643356,class_2,2,0,1,0,29.72
260.0,101.0,78.0,171.0,10.0,936.0,763.0,28,0.6576923076923077,class_2,2,0,1,0,49.77
313.0,161.0,0.0,178.0,10.0,917.0,759.0,28,0.5686900958466453,class_2,2,0,1,0,52.44
284.0,120.0,0.0,168.0,7.0,970.0,794.0,28,0.5915492957746479,class_2,2,0,1,0,40.93
336.0,0.0,0.0,182.0,3.0,986.0,817.0,28,0.5416666666666666,class_2,2,0,1,0,44.86
145.0,0.0,134.0,181.0,11.0,979.0,812.0,28,1.2482758620689656,class_2,2,0,1,0,13.2
150.0,237.0,0.0,174.0,12.0,1069.0,675.0,28,1.16,class_2,2,0,1,0,37.43
144.0,170.0,133.0,192.0,8.0,814.0,805.0,28,1.3333333333333333,class_2,2,0,1,0,29.87
331.0,170.0,0.0,195.0,8.0,811.0,802.0,28,0.5891238670694864,class_2,2,0,1,0,56.61
155.0,0.0,143.0,193.0,9.0,1047.0,697.0,28,1.2451612903225806,class_2,2,0,1,0,12.46
155.0,183.0,0.0,193.0,9.0,877.0,868.0,28,1.2451612903225806,class_2,2,0,1,0,23.79
135.0,0.0,166.0,180.0,10.0,961.0,805.0,28,1.3333333333333333,class_2,2,0,1,0,13.29
266.0,112.0,87.0,178.0,10.0,910.0,745.0,28,0.6691729323308271,class_2,2,0,1,0,39.42
314.0,145.0,113.0,179.0,8.0,869.0,690.0,28,0.5700636942675159,class_2,2,0,1,0,46.23
313.0,145.0,0.0,127.0,8.0,1000.0,822.0,28,0.4057507987220447,class_2,2,0,1,0,44.52
146.0,173.0,0.0,182.0,3.0,986.0,817.0,28,1.2465753424657535,class_2,2,0,1,0,23.74
144.0,136.0,106.0,178.0,7.0,941.0,774.0,28,1.2361111111111112,class_2,2,0,1,0,26.14
148.0,0.0,182.0,181.0,15.0,839.0,884.0,28,1.222972972972973,class_2,2,0,1,0,15.52
277.0,117.0,91.0,191.0,7.0,946.0,666.0,28,0.6895306859205776,class_2,2,0,1,0,43.57
298.0,0.0,107.0,164.0,13.0,953.0,784.0,28,0.5503355704697986,class_2,2,0,1,0,35.86
313.0,145.0,0.0,178.0,8.0,1002.0,689.0,28,0.5686900958466453,class_2,2,0,1,0,41.05
155.0,184.0,143.0,194.0,9.0,880.0,699.0,28,1.2516129032258065,class_2,2,0,1,0,28.99
289.0,134.0,0.0,195.0,6.0,924.0,760.0,28,0.6747404844290658,class_2,2,0,1,0,46.24
148.0,175.0,0.0,171.0,2.0,1000.0,828.0,28,1.1554054054054055,class_2,2,0,1,0,26.92
145.0,0.0,179.0,202.0,8.0,824.0,869.0,28,1.393103448275862,class_2,2,0,1,0,10.54
313.0,0.0,0.0,178.0,8.0,1000.0,822.0,28,0.5686900958466453,class_2,2,0,1,0,25.1
136.0,162.0,126.0,172.0,10.0,923.0,764.0,28,1.2647058823529411,class_2,2,0,1,0,29.07
155.0,0.0,143.0,193.0,9.0,877.0,868.0,28,1.2451612903225806,class_2,2,0,1,0,9.74
255.0,99.0,77.0,189.0,6.0,919.0,749.0,28,0.7411764705882353,class_2,2,0,1,0,33.8
162.0,207.0,172.0,216.0,10.0,822.0,638.0,28,1.3333333333333333,class_2,2,0,1,0,39.84
136.0,196.0,98.0,199.0,6.0,847.0,783.0,28,1.463235294117647,class_2,2,0,1,0,26.97
164.0,163.0,128.0,197.0,8.0,961.0,641.0,28,1.201219512195122,class_2,2,0,1,0,27.23
162.0,214.0,164.0,202.0,10.0,820.0,680.0,28,1.2469135802469136,class_2,2,0,1,0,30.65
157.0,214.0,152.0,200.0,9.0,819.0,704.0,28,1.2738853503184713,class_2,2,0,1,0,33.05
149.0,153.0,194.0,192.0,8.0,935.0,623.0,28,1.2885906040268456,class_2,2,0,1,0,24.58
135.0,105.0,193.0,196.0,6.0,965.0,643.0,28,1.451851851851852,class_2,2,0,1,0,21.91
159.0,209.0,161.0,201.0,7.0,848.0,669.0,28,1.2641509433962264,class_2,2,0,1,0,30.88
144.0,15.0,195.0,176.0,6.0,1021.0,709.0,28,1.2222222222222223,class_2,2,0,1,0,15.34
154.0,174.0,185.0,228.0,7.0,845.0,612.0,28,1.4805194805194806,class_2,2,0,1,0,24.34
167.0,187.0,195.0,185.0,7.0,898.0,636.0,28,1.1077844311377245,class_2,2,0,1,0,23.89
184.0,86.0,190.0,213.0,6.0,923.0,623.0,28,1.1576086956521738,class_2,2,0,1,0,22.93
156.0,178.0,187.0,221.0,7.0,854.0,614.0,28,1.4166666666666667,class_2,2,0,1,0,29.41
236.9,91.7,71.5,246.9,6.0,852.9,695.4,28,1.0422119037568593,class_2,2,0,1,0,28.63
313.3,0.0,113.0,178.5,8.0,1001.9,688.7,28,0.5697414618576444,class_2,2,0,1,0,36.8
154.8,183.4,0.0,193.3,9.1,1047.4,696.7,28,1.2487080103359174,class_2,2,0,1,0,18.29
145.9,230.5,0.0,202.5,3.4,827.0,871.8,28,1.3879369431117203,class_2,2,0,1,0,32.72
296.0,0.0,106.7,221.4,10.5,819.2,778.4,28,0.7479729729729729,class_2,2,0,1,0,31.42
133.1,210.2,0.0,195.7,3.1,949.4,795.3,28,1.4703230653643877,class_2,2,0,1,0,28.94
313.3,145.0,0.0,178.5,8.0,867.2,824.0,28,0.5697414618576444,class_2,2,0,1,0,40.93
151.6,0.0,111.9,184.4,7.9,992.0,815.9,28,1.216358839050132,class_2,2,0,1,0,12.18
153.1,145.0,113.0,178.5,8.0,1001.9,688.7,28,1.1659046374918354,class_2,2,0,1,0,25.56
139.9,132.6,103.3,200.3,7.4,916.0,753.4,28,1.4317369549678343,class_2,2,0,1,0,36.44
149.5,236.0,0.0,175.8,12.6,846.8,892.7,28,1.1759197324414716,class_2,2,0,1,0,32.96
299.8,0.0,119.8,211.5,9.9,878.2,727.6,28,0.7054703135423616,class_2,2,0,1,0,23.84
153.1,145.0,113.0,178.5,8.0,867.2,824.0,28,1.1659046374918354,class_2,2,0,1,0,26.23
148.1,0.0,136.6,158.1,16.1,1001.8,830.1,28,1.0675219446320054,class_2,2,0,1,0,17.96
326.5,0.0,137.9,199.0,10.8,801.1,792.5,28,0.6094946401225115,class_2,2,0,1,0,38.63
152.7,144.7,0.0,178.1,8.0,999.7,822.2,28,1.16633922724296,class_2,2,0,1,0,19.01
261.9,110.5,86.1,195.4,5.0,895.2,732.6,28,0.7460862924780451,class_2,2,0,1,0,33.72
158.4,0.0,194.9,219.7,11.0,897.7,712.9,28,1.3869949494949494,class_2,2,0,1,0,8.54
150.7,0.0,185.3,166.7,15.6,1074.5,678.0,28,1.106171201061712,class_2,2,0,1,0,13.46
272.6,0.0,89.6,198.7,10.6,931.3,762.2,28,0.7289068231841525,class_2,2,0,1,0,32.25
149.0,117.6,91.7,182.9,7.1,953.4,780.3,28,1.22751677852349,class_2,2,0,1,0,23.52
143.0,169.4,142.7,190.7,8.4,967.4,643.5,28,1.3335664335664335,class_2,2,0,1,0,29.73
259.9,100.6,78.4,170.6,10.4,935.7,762.9,28,0.6564063101192766,class_2,2,0,1,0,49.77
312.9,160.5,0.0,177.6,9.6,916.6,759.5,28,0.5675934803451582,class_2,2,0,1,0,52.45
284.0,119.7,0.0,168.3,7.2,970.4,794.2,28,0.592605633802817,class_2,2,0,1,0,40.93
336.5,0.0,0.0,181.9,3.4,985.8,816.8,28,0.5405646359583952,class_2,2,0,1,0,44.87
144.8,0.0,133.6,180.8,11.1,979.5,811.5,28,1.2486187845303867,class_2,2,0,1,0,13.2
150.0,236.8,0.0,173.8,11.9,1069.3,674.8,28,1.1586666666666667,class_2,2,0,1,0,37.43
143.7,170.2,132.6,191.6,8.5,814.1,805.3,28,1.3333333333333335,class_2,2,0,1,0,29.87
330.5,169.6,0.0,194.9,8.1,811.0,802.3,28,0.5897125567322239,class_2,2,0,1,0,56.62
154.8,0.0,142.8,193.3,9.1,1047.4,696.7,28,1.2487080103359174,class_2,2,0,1,0,12.46
154.8,183.4,0.0,193.3,9.1,877.2,867.7,28,1.2487080103359174,class_2,2,0,1,0,23.79
134.7,0.0,165.7,180.2,10.0,961.0,804.9,28,1.3377876763177432,class_2,2,0,1,0,13.29
266.2,112.3,87.5,177.9,10.4,909.7,744.5,28,0.6682945154019535,class_2,2,0,1,0,39.42
314.0,145.3,113.2,178.9,8.0,869.1,690.2,28,0.5697452229299363,class_2,2,0,1,0,46.23
312.7,144.7,0.0,127.3,8.0,999.7,822.2,28,0.4070994563479373,class_2,2,0,1,0,44.52
145.7,172.6,0.0,181.9,3.4,985.8,816.8,28,1.2484557309540152,class_2,2,0,1,0,23.74
143.8,136.3,106.2,178.1,7.5,941.5,774.3,28,1.2385257301808066,class_2,2,0,1,0,26.15
148.1,0.0,182.1,181.4,15.0,838.9,884.3,28,1.224848075624578,class_2,2,0,1,0,15.53
277.0,116.8,91.0,190.6,7.0,946.5,665.6,28,0.688086642599278,class_2,2,0,1,0,43.58
298.1,0.0,107.5,163.6,12.8,953.2,784.0,28,0.5488091244548808,class_2,2,0,1,0,35.87
313.3,145.0,0.0,178.5,8.0,1001.9,688.7,28,0.5697414618576444,class_2,2,0,1,0,41.05
155.2,183.9,143.2,193.8,9.2,879.6,698.5,28,1.2487113402061858,class_2,2,0,1,0,28.99
289.0,133.7,0.0,194.9,5.5,924.1,760.1,28,0.6743944636678201,class_2,2,0,1,0,46.25
147.8,175.1,0.0,171.2,2.2,1000.0,828.5,28,1.1583220568335586,class_2,2,0,1,0,26.92
145.4,0.0,178.9,201.7,7.8,824.0,868.7,28,1.3872077028885832,class_2,2,0,1,0,10.54
312.7,0.0,0.0,178.1,8.0,999.7,822.2,28,0.5695554844899264,class_2,2,0,1,0,25.1
136.4,161.6,125.8,171.6,10.4,922.6,764.4,28,1.2580645161290323,class_2,2,0,1,0,29.07
154.8,0.0,142.8,193.3,9.1,877.2,867.7,28,1.2487080103359174,class_2,2,0,1,0,9.74
255.3,98.8,77.0,188.6,6.5,919.0,749.3,28,0.7387387387387386,class_2,2,0,1,0,33.8
272.8,105.1,81.8,209.7,9.0,904.0,679.7,28,0.7686950146627565,class_2,2,0,1,0,37.17
162.0,190.1,148.1,178.8,18.8,838.1,741.4,28,1.1037037037037039,class_2,2,0,1,0,33.76
153.6,144.2,112.3,220.1,10.1,923.2,657.9,28,1.4329427083333333,class_2,2,0,1,0,16.5
146.5,114.6,89.3,201.9,8.8,860.0,829.5,28,1.3781569965870308,class_2,2,0,1,0,19.99
151.8,178.1,138.7,167.5,18.3,944.0,694.6,28,1.103425559947299,class_2,2,0,1,0,36.35
309.9,142.8,111.2,167.8,22.1,913.9,651.2,28,0.5414649887060343,class_2,2,0,1,0,38.22
143.6,0.0,174.9,158.4,17.9,942.7,844.5,28,1.1030640668523677,class_2,2,0,1,0,15.42
303.6,139.9,0.0,213.5,6.2,895.5,722.5,28,0.703227931488801,class_2,2,0,1,0,33.42
374.3,0.0,0.0,190.2,6.7,1013.2,730.4,28,0.5081485439487042,class_2,2,0,1,0,39.06
158.6,148.9,116.0,175.1,15.0,953.3,719.7,28,1.1040353089533417,class_2,2,0,1,0,27.68
152.6,238.7,0.0,200.0,6.3,1001.8,683.9,28,1.3106159895150722,class_2,2,0,1,0,26.86
310.0,142.8,0.0,167.9,10.0,914.3,804.0,28,0.5416129032258065,class_2,2,0,1,0,45.3
304.8,0.0,99.6,196.0,9.8,959.4,705.2,28,0.6430446194225722,class_2,2,0,1,0,30.12
150.9,0.0,183.9,166.6,11.6,991.2,772.2,28,1.1040424121935055,class_2,2,0,1,0,15.57
141.9,166.6,129.7,173.5,10.9,882.6,785.3,28,1.222692036645525,class_2,2,0,1,0,44.61
297.8,137.2,106.9,201.3,6.0,878.4,655.3,28,0.6759570181329752,class_2,2,0,1,0,53.52
321.3,164.2,0.0,190.5,4.6,870.0,774.0,28,0.5929038281979458,class_2,2,0,1,0,57.22
366.0,187.0,0.0,191.3,6.6,824.3,756.9,28,0.5226775956284153,class_2,2,0,1,0,65.91
279.8,128.9,100.4,172.4,9.5,825.1,804.9,28,0.6161543959971408,class_2,2,0,1,0,52.83
252.1,97.1,75.6,193.8,8.3,835.5,821.4,28,0.7687425624752083,class_2,2,0,1,0,33.4
164.6,0.0,150.4,181.6,11.7,1023.3,728.9,28,1.103280680437424,class_2,2,0,1,0,18.03
155.6,243.5,0.0,180.3,10.7,1022.0,697.7,28,1.1587403598971724,class_2,2,0,1,0,37.36
160.2,188.0,146.4,203.2,11.3,828.7,709.7,28,1.268414481897628,class_2,2,0,1,0,35.31
298.1,0.0,107.0,186.4,6.1,879.0,815.2,28,0.6252935256625293,class_2,2,0,1,0,42.64
317.9,0.0,126.5,209.7,5.7,860.5,736.6,28,0.6596413966656182,class_2,2,0,1,0,40.06
287.3,120.5,93.9,187.6,9.2,904.4,695.9,28,0.6529759832927253,class_2,2,0,1,0,43.8
325.6,166.4,0.0,174.0,8.9,881.6,790.0,28,0.5343980343980343,class_2,2,0,1,0,61.24
355.9,0.0,141.6,193.3,11.0,801.4,778.4,28,0.543130092722675,class_2,2,0,1,0,40.87
132.0,206.5,160.9,178.9,5.5,866.9,735.6,28,1.3553030303030305,class_2,2,0,1,0,33.31
322.5,148.6,0.0,185.8,8.5,951.0,709.5,28,0.576124031007752,class_2,2,0,1,0,52.43
164.2,0.0,200.1,181.2,12.6,849.3,846.0,28,1.1035322777101095,class_2,2,0,1,0,15.09
313.8,0.0,112.6,169.9,10.1,925.3,782.9,28,0.541427660930529,class_2,2,0,1,0,38.46
321.4,0.0,127.9,182.5,11.5,870.1,779.7,28,0.5678282514001245,class_2,2,0,1,0,37.27
139.7,163.9,127.7,236.7,5.8,868.6,655.6,28,1.6943450250536864,class_2,2,0,1,0,35.23
288.4,121.0,0.0,177.4,7.0,907.9,829.5,28,0.615117891816921,class_2,2,0,1,0,42.14
298.2,0.0,107.0,209.7,11.1,879.6,744.2,28,0.7032193158953722,class_2,2,0,1,0,31.88
264.5,111.0,86.5,195.5,5.9,832.6,790.4,28,0.7391304347826086,class_2,2,0,1,0,41.54
159.8,250.0,0.0,168.4,12.2,1049.3,688.2,28,1.053817271589487,class_2,2,0,1,0,39.46
166.0,259.7,0.0,183.2,12.7,858.8,826.8,28,1.1036144578313252,class_2,2,0,1,0,37.92
276.4,116.0,90.3,179.6,8.9,870.1,768.3,28,0.6497829232995659,class_2,2,0,1,0,44.28
322.2,0.0,115.6,196.0,10.4,817.9,813.4,28,0.6083178150217257,class_2,2,0,1,0,31.18
148.5,139.4,108.6,192.7,6.1,892.4,780.0,28,1.2976430976430975,class_2,2,0,1,0,23.7
159.1,186.7,0.0,175.6,11.3,989.6,788.9,28,1.103708359522313,class_2,2,0,1,0,32.77
260.9,100.5,78.3,200.6,8.6,864.5,761.5,28,0.7688769643541588,class_2,2,0,1,0,32.4
